S.No,name,sku,slug,type,size,finish,design,color,color_source,collection,applications,main_categories,image
1,Lith Gris 30 Slab,T61F252000010101,lith-gris-30-slab,slab,800x3000 mm,polished,marble,grey,name,,"floors, walls, kitchen counter tops",floor-tiles | wall-tiles | bathroom-tiles | living-room-tiles | bedroom-tiles | dining-room-tiles | drawing-room-tiles | vitrified-tiles | kitchen-countertops | other-tile-areas,/images/products/lith-gris-30-slab.webp
2,Lith White 30 Slab,T61F252000008101,lith-white-30-slab,slab,800x3000 mm,polished,marble,white,name,,"floors, walls, kitchen counter tops",floor-tiles | wall-tiles | bathroom-tiles | living-room-tiles | bedroom-tiles | dining-room-tiles | drawing-room-tiles | pooja-room-tiles | vitrified-tiles | kitchen-countertops | other-tile-areas,/images/products/lith-white-30-slab.webp
3,Nebula Crema 30 Slab,T61F252000034101,nebula-crema-30-slab,slab,800x3000 mm,polished,marble,cream,name,Technical Porcelain,"floors, walls, kitchen counter tops",floor-tiles | wall-tiles | bathroom-tiles | living-room-tiles | bedroom-tiles | dining-room-tiles | drawing-room-tiles | vitrified-tiles | kitchen-countertops | other-tile-areas,/images/products/nebula-crema-30-slab.webp
4,Stella Berly 30 Slab,T61F252000016101,stella-berly-30-slab,slab,800x3000 mm,polished,marble,beige,name,,"floors, walls, kitchen counter tops",floor-tiles | wall-tiles | bathroom-tiles | living-room-tiles | bedroom-tiles | dining-room-tiles | drawing-room-tiles | vitrified-tiles | kitchen-countertops | other-tile-areas,/images/products/stella-berly-30-slab.webp
5,Stella Brick Red 30 Slab,T61F252000018101,stella-brick-red-30-slab,slab,800x3000 mm,polished,marble,red,name,,"floors, walls, kitchen counter tops",floor-tiles | wall-tiles | bathroom-tiles | living-room-tiles | bedroom-tiles | dining-room-tiles | drawing-room-tiles | vitrified-tiles | kitchen-countertops | other-tile-areas,/images/products/stella-brick-red-30-slab.webp
6,Stella Cocoa 30 Slab,T61F252000015101,stella-cocoa-30-slab,slab,800x3000 mm,polished,marble,brown,name,Technical Porcelain,"floors, walls, kitchen counter tops",floor-tiles | wall-tiles | bathroom-tiles | living-room-tiles | bedroom-tiles | dining-room-tiles | drawing-room-tiles | vitrified-tiles | kitchen-countertops | other-tile-areas,/images/products/stella-cocoa-30-slab.webp
7,Stella Crema 30 Slab,T61F252000012101,stella-crema-30-slab,slab,800x3000 mm,polished,marble,cream,name,,"floors, walls, kitchen counter tops",floor-tiles | wall-tiles | bathroom-tiles | living-room-tiles | bedroom-tiles | dining-room-tiles | drawing-room-tiles | vitrified-tiles | kitchen-countertops | other-tile-areas,/images/products/stella-crema-30-slab.webp
8,Stella Ocean 30 Slab,T61F252000017101,stella-ocean-30-slab,slab,800x3000 mm,polished,marble,blue,name,,"floors, walls, kitchen counter tops",floor-tiles | wall-tiles | bathroom-tiles | living-room-tiles | bedroom-tiles | dining-room-tiles | drawing-room-tiles | vitrified-tiles | kitchen-countertops | other-tile-areas,/images/products/stella-ocean-30-slab.webp
9,Alaska Natural 26 Quill V2 Slab,T61F275000114101,alaska-natural-26-quill-v2-slab,slab,800x2600 mm,matt,marble,beige,name,,"floors, walls, kitchen counter tops",floor-tiles | wall-tiles | living-room-tiles | bedroom-tiles | dining-room-tiles | vitrified-tiles | kitchen-countertops | other-tile-areas,/images/products/alaska-natural-26-quill-v2-slab.webp
10,Alaska Natural 26 V2 Slab,T61F275000075101,alaska-natural-26-v2-slab,slab,800x2600 mm,polished,marble,beige,name,,"floors, walls, kitchen counter tops",floor-tiles | wall-tiles | bathroom-tiles | living-room-tiles | bedroom-tiles | dining-room-tiles | drawing-room-tiles | vitrified-tiles | kitchen-countertops | other-tile-areas,/images/products/alaska-natural-26-v2-slab.webp
11,Argos Nero 26 Carvo V1 Slab,T61F275000146101,argos-nero-26-carvo-v1-slab,slab,800x2600 mm,carving,marble,black,name,,"floors, walls, kitchen counter tops",floor-tiles | wall-tiles | living-room-tiles | bedroom-tiles | dining-room-tiles | vitrified-tiles | kitchen-countertops | other-tile-areas,/images/products/argos-nero-26-carvo-v1-slab.webp
12,Argos White 26 Carvo V1 Slab,T61F275000145101,argos-white-26-carvo-v1-slab,slab,800x2600 mm,carving,marble,white,name,,"floors, walls, kitchen counter tops",floor-tiles | wall-tiles | living-room-tiles | bedroom-tiles | dining-room-tiles | vitrified-tiles | kitchen-countertops | other-tile-areas,/images/products/argos-white-26-carvo-v1-slab.webp
13,Athena Grey 26 Shape V2 Slab,T61F275000133101,athena-grey-26-shape-v2-slab,slab,800x2600 mm,carving,marble,grey,name,,"floors, walls, kitchen counter tops",floor-tiles | wall-tiles | living-room-tiles | bedroom-tiles | dining-room-tiles | vitrified-tiles | kitchen-countertops | other-tile-areas,/images/products/athena-grey-26-shape-v2-slab.webp
14,Breccia Sarda 26 Shape V1 Slab,T61F275000142101,breccia-sarda-26-shape-v1-slab,slab,800x2600 mm,carving,marble,brown,image,,"floors, walls, kitchen counter tops",floor-tiles | wall-tiles | living-room-tiles | bedroom-tiles | dining-room-tiles | vitrified-tiles | kitchen-countertops | other-tile-areas,/images/products/breccia-sarda-26-shape-v1-slab.webp
15,Breccia Sarda 26 V2 Slab,T61F275000169101,breccia-sarda-26-v2-slab,slab,800x2600 mm,polished,marble,brown,image,,"floors, walls, kitchen counter tops",floor-tiles | wall-tiles | bathroom-tiles | living-room-tiles | bedroom-tiles | dining-room-tiles | drawing-room-tiles | vitrified-tiles | kitchen-countertops | other-tile-areas,/images/products/breccia-sarda-26-v2-slab.webp
16,Calacatta Borghini 26 A V1 Slab,T61F275000073101,calacatta-borghini-26-a-v1-slab,slab,800x2600 mm,polished,marble,white,name,,"floors, walls, kitchen counter tops",floor-tiles | wall-tiles | bathroom-tiles | living-room-tiles | bedroom-tiles | dining-room-tiles | drawing-room-tiles | pooja-room-tiles | vitrified-tiles | kitchen-countertops | other-tile-areas,/images/products/calacatta-borghini-26-a-v1-slab.webp
17,Calacatta Borghini 26 B V1 Slab,T61F275000136101,calacatta-borghini-26-b-v1-slab,slab,800x2600 mm,polished,marble,white,name,,"floors, walls, kitchen counter tops",floor-tiles | wall-tiles | bathroom-tiles | living-room-tiles | bedroom-tiles | dining-room-tiles | drawing-room-tiles | pooja-room-tiles | vitrified-tiles | kitchen-countertops | other-tile-areas,/images/products/calacatta-borghini-26-b-v1-slab.webp
18,Carara White 26 Quill V2 Slab,T61F275000115101,carara-white-26-quill-v2-slab,slab,800x2600 mm,matt,carrara,white,name,,"floors, walls, kitchen counter tops",floor-tiles | wall-tiles | living-room-tiles | bedroom-tiles | dining-room-tiles | vitrified-tiles | kitchen-countertops | other-tile-areas,/images/products/carara-white-26-quill-v2-slab.webp
19,Carara White 26 V2 Slab,T61F275000076101,carara-white-26-v2-slab,slab,800x2600 mm,polished,carrara,white,name,,"floors, walls, kitchen counter tops",floor-tiles | wall-tiles | bathroom-tiles | living-room-tiles | bedroom-tiles | dining-room-tiles | drawing-room-tiles | vitrified-tiles | kitchen-countertops | other-tile-areas,/images/products/carara-white-26-v2-slab.webp
20,Carara White Riga 26 Shape V2 Slab,T61F275000172101,carara-white-riga-26-shape-v2-slab,slab,800x2600 mm,carving,carrara,white,name,Contemporary Surfaces,"floors, walls, kitchen counter tops",floor-tiles | wall-tiles | living-room-tiles | bedroom-tiles | dining-room-tiles | vitrified-tiles | kitchen-countertops | other-tile-areas,/images/products/carara-white-riga-26-shape-v2-slab.webp
21,Crystalo Black 26 Carvo V1 Slab,T61F275000049101,crystalo-black-26-carvo-v1-slab,slab,800x2600 mm,carving,marble,black,name,,"floors, walls, kitchen counter tops",floor-tiles | wall-tiles | living-room-tiles | bedroom-tiles | dining-room-tiles | vitrified-tiles | kitchen-countertops | other-tile-areas,/images/products/crystalo-black-26-carvo-v1-slab.webp
22,Crystalo White 26 Carvo V1 Slab,T61F275000047101,crystalo-white-26-carvo-v1-slab,slab,800x2600 mm,carving,marble,white,name,,"floors, walls, kitchen counter tops",floor-tiles | wall-tiles | living-room-tiles | bedroom-tiles | dining-room-tiles | vitrified-tiles | kitchen-countertops | other-tile-areas,/images/products/crystalo-white-26-carvo-v1-slab.webp
23,Fennel Beige 26 Shape V2 Slab,T61F275000131101,fennel-beige-26-shape-v2-slab,slab,800x2600 mm,carving,marble,beige,name,,"floors, walls, kitchen counter tops",floor-tiles | wall-tiles | living-room-tiles | bedroom-tiles | dining-room-tiles | vitrified-tiles | kitchen-countertops | other-tile-areas,/images/products/fennel-beige-26-shape-v2-slab.webp
24,Galaxy Azul 26 V2 Slab,T61F275000081101,galaxy-azul-26-v2-slab,slab,800x2600 mm,polished,granite,blue,name,,"floors, walls, kitchen counter tops",floor-tiles | wall-tiles | bathroom-tiles | living-room-tiles | bedroom-tiles | dining-room-tiles | drawing-room-tiles | vitrified-tiles | kitchen-countertops | other-tile-areas,/images/products/galaxy-azul-26-v2-slab.webp
25,Stella Berly 26 Slab,T61F275000069101,stella-berly-26-slab,slab,800x2600 mm,polished,marble,beige,name,,"floors, walls, kitchen counter tops",floor-tiles | wall-tiles | bathroom-tiles | living-room-tiles | bedroom-tiles | dining-room-tiles | drawing-room-tiles | vitrified-tiles | kitchen-countertops | other-tile-areas,/images/products/stella-berly-26-slab.webp
26,Stella Brick Red 26 Slab,T61F275000071101,stella-brick-red-26-slab,slab,800x2600 mm,polished,marble,red,name,,"floors, walls, kitchen counter tops",floor-tiles | wall-tiles | bathroom-tiles | living-room-tiles | bedroom-tiles | dining-room-tiles | drawing-room-tiles | vitrified-tiles | kitchen-countertops | other-tile-areas,/images/products/stella-brick-red-26-slab.webp
27,Stella Crema 26 Slab,T61F275000065101,stella-crema-26-slab,slab,800x2600 mm,polished,marble,cream,name,,"floors, walls, kitchen counter tops",floor-tiles | wall-tiles | bathroom-tiles | living-room-tiles | bedroom-tiles | dining-room-tiles | drawing-room-tiles | vitrified-tiles | kitchen-countertops | other-tile-areas,/images/products/stella-crema-26-slab.webp
28,Stella Grey 26 Slab,T61F275000066101,stella-grey-26-slab,slab,800x2600 mm,polished,marble,grey,name,,"floors, walls, kitchen counter tops",floor-tiles | wall-tiles | bathroom-tiles | living-room-tiles | bedroom-tiles | dining-room-tiles | drawing-room-tiles | vitrified-tiles | kitchen-countertops | other-tile-areas,/images/products/stella-grey-26-slab.webp
29,Stella Ocean 26 Slab,T61F275000070101,stella-ocean-26-slab,slab,800x2600 mm,polished,marble,blue,name,,"floors, walls, kitchen counter tops",floor-tiles | wall-tiles | bathroom-tiles | living-room-tiles | bedroom-tiles | dining-room-tiles | drawing-room-tiles | vitrified-tiles | kitchen-countertops | other-tile-areas,/images/products/stella-ocean-26-slab.webp
30,Stella Saphire Blue 26 Slab,T61F275000147101,stella-saphire-blue-26-slab,slab,800x2600 mm,polished,marble,blue,name,,"floors, walls, kitchen counter tops",floor-tiles | wall-tiles | bathroom-tiles | living-room-tiles | bedroom-tiles | dining-room-tiles | drawing-room-tiles | vitrified-tiles | kitchen-countertops | other-tile-areas,/images/products/stella-saphire-blue-26-slab.webp
31,Stella Saphire Blue 26 Matt Slab,T61F275000143101,stella-saphire-blue-26-matt-slab,slab,800x2600 mm,matt,marble,blue,name,Technical Porcelain,"floors, walls, kitchen counter tops",floor-tiles | wall-tiles | living-room-tiles | bedroom-tiles | dining-room-tiles | vitrified-tiles | kitchen-countertops | other-tile-areas,/images/products/stella-saphire-blue-26-matt-slab.webp
32,Stella Cocoa 26 Matt Slab,T61F275000042101,stella-cocoa-26-matt-slab,slab,800x2600 mm,matt,marble,brown,name,,"floors, walls, kitchen counter tops",floor-tiles | wall-tiles | living-room-tiles | bedroom-tiles | dining-room-tiles | vitrified-tiles | kitchen-countertops | other-tile-areas,/images/products/stella-cocoa-26-matt-slab.webp
33,Woodak Teak 26 Shape V2 Slab,T61F275000132101,woodak-teak-26-shape-v2-slab,slab,800x2600 mm,carving,wooden,brown,name,,"floors, walls, kitchen counter tops",floor-tiles | wall-tiles | living-room-tiles | bedroom-tiles | dining-room-tiles | vitrified-tiles | kitchen-countertops | other-tile-areas,/images/products/woodak-teak-26-shape-v2-slab.webp
34,Woodak Teak Riga 26 Shape V2 Slab,T61F275000174101,woodak-teak-riga-26-shape-v2-slab,slab,800x2600 mm,carving,wooden,brown,name,Contemporary Surfaces,"floors, walls, kitchen counter tops",floor-tiles | wall-tiles | living-room-tiles | bedroom-tiles | dining-room-tiles | vitrified-tiles | kitchen-countertops | other-tile-areas,/images/products/woodak-teak-riga-26-shape-v2-slab.webp
35,Amazona Bruno 240 Quill Glam GVT,T32F234000086101,amazona-bruno-240-quill-glam-gvt,gvt,1200x2400 mm,carving,marble,brown,name,Elita,"floors, walls",floor-tiles | wall-tiles | living-room-tiles | bedroom-tiles | dining-room-tiles | vitrified-tiles | other-tile-areas,/images/products/amazona-bruno-240-quill-glam-gvt.webp
36,Breccia Furossa 240 Quill Glam GVT,T32F234000089101,breccia-furossa-240-quill-glam-gvt,gvt,1200x2400 mm,carving,marble,brown,image,Elita,"floors, walls",floor-tiles | wall-tiles | living-room-tiles | bedroom-tiles | dining-room-tiles | vitrified-tiles | other-tile-areas,/images/products/breccia-furossa-240-quill-glam-gvt.webp
37,Capitol Grey PRO 240 FP V2 Slab,T32F234000039101,capitol-grey-pro-240-fp-v2-slab,slab,1200x2400 mm,polished,marble,grey,name,Regalia,"floors, walls",floor-tiles | wall-tiles | bathroom-tiles | living-room-tiles | bedroom-tiles | dining-room-tiles | drawing-room-tiles | vitrified-tiles | other-tile-areas,/images/products/capitol-grey-pro-240-fp-v2-slab.webp
38,Citadel Ivory 240 Quill Glam GVT,T32F234000087101,citadel-ivory-240-quill-glam-gvt,gvt,1200x2400 mm,carving,marble,ivory,name,Elita,"floors, walls",floor-tiles | wall-tiles | living-room-tiles | bedroom-tiles | dining-room-tiles | vitrified-tiles | other-tile-areas,/images/products/citadel-ivory-240-quill-glam-gvt.webp
39,Nivea Statuario 240 FP V2 Slab,T32F234000045101,nivea-statuario-240-fp-v2-slab,slab,1200x2400 mm,polished,statuario,white,name,Regalia,"floors, walls",floor-tiles | wall-tiles | bathroom-tiles | living-room-tiles | bedroom-tiles | dining-room-tiles | drawing-room-tiles | pooja-room-tiles | vitrified-tiles | other-tile-areas,/images/products/nivea-statuario-240-fp-v2-slab.webp
40,Romano Pearl 240 Quill Glam GVT,T32F234000088101,romano-pearl-240-quill-glam-gvt,gvt,1200x2400 mm,carving,marble,grey,image,Elita,"floors, walls",floor-tiles | wall-tiles | living-room-tiles | bedroom-tiles | dining-room-tiles | vitrified-tiles | other-tile-areas,/images/products/romano-pearl-240-quill-glam-gvt.webp
41,Statuario Branca 240 Quill Glam GVT,T32F234000090101,statuario-branca-240-quill-glam-gvt,gvt,1200x2400 mm,carving,statuario,white,name,Elita,"floors, walls",floor-tiles | wall-tiles | living-room-tiles | bedroom-tiles | dining-room-tiles | pooja-room-tiles | vitrified-tiles | other-tile-areas,/images/products/statuario-branca-240-quill-glam-gvt.webp
42,Valtoce River EL 240 FP V1 Slab,T32F234000049101,valtoce-river-el-240-fp-v1-slab,slab,1200x2400 mm,polished,marble,brown,image,Regalia,"floors, walls",floor-tiles | wall-tiles | bathroom-tiles | living-room-tiles | bedroom-tiles | dining-room-tiles | drawing-room-tiles | vitrified-tiles | other-tile-areas,/images/products/valtoce-river-el-240-fp-v1-slab.webp
43,Alesia White 24 Matt Slab,T61F237000157101,alesia-white-24-matt-slab,slab,800x2400 mm,matt,marble,white,name,Technical Porcelain,"floors, walls, kitchen counter tops",floor-tiles | wall-tiles | living-room-tiles | bedroom-tiles | dining-room-tiles | vitrified-tiles | kitchen-countertops | other-tile-areas,/images/products/alesia-white-24-matt-slab.webp
44,Arbascato White 24 Carvo V2 Slab,T61F237000118101,arbascato-white-24-carvo-v2-slab,slab,800x2400 mm,carving,marble,white,name,,"floors, walls, kitchen counter tops",floor-tiles | wall-tiles | living-room-tiles | bedroom-tiles | dining-room-tiles | vitrified-tiles | kitchen-countertops | other-tile-areas,/images/products/arbascato-white-24-carvo-v2-slab.webp
45,Calacatta Gold 24 V2 Slab,T61F237000109101,calacatta-gold-24-v2-slab,slab,800x2400 mm,polished,marble,white-and-gold,name,,"floors, walls, kitchen counter tops",floor-tiles | wall-tiles | bathroom-tiles | living-room-tiles | bedroom-tiles | dining-room-tiles | drawing-room-tiles | pooja-room-tiles | vitrified-tiles | kitchen-countertops | other-tile-areas,/images/products/calacatta-gold-24-v2-slab.webp
46,Carara Black 24 V2 Slab,T61F237000116101,carara-black-24-v2-slab,slab,800x2400 mm,polished,carrara,black,name,,"floors, walls, kitchen counter tops",floor-tiles | wall-tiles | bathroom-tiles | living-room-tiles | bedroom-tiles | dining-room-tiles | drawing-room-tiles | vitrified-tiles | kitchen-countertops | other-tile-areas,/images/products/carara-black-24-v2-slab.webp
47,Cosmic Black 24 V2 Slab,T61F237000115101,cosmic-black-24-v2-slab,slab,800x2400 mm,polished,granite,black,name,,"floors, walls, kitchen counter tops",floor-tiles | wall-tiles | bathroom-tiles | living-room-tiles | bedroom-tiles | dining-room-tiles | drawing-room-tiles | vitrified-tiles | kitchen-countertops | other-tile-areas,/images/products/cosmic-black-24-v2-slab.webp
48,Lith Nero 24 Slab,T61F237000099101,lith-nero-24-slab,slab,800x2400 mm,polished,marble,black,name,,"floors, walls, kitchen counter tops",floor-tiles | wall-tiles | bathroom-tiles | living-room-tiles | bedroom-tiles | dining-room-tiles | drawing-room-tiles | vitrified-tiles | kitchen-countertops | other-tile-areas,/images/products/lith-nero-24-slab.webp
49,Lith Super White 24 V1 Slab,T61F237000107101,lith-super-white-24-v1-slab,slab,800x2400 mm,polished,marble,white,name,Technical Porcelain,"floors, walls, kitchen counter tops",floor-tiles | wall-tiles | bathroom-tiles | living-room-tiles | bedroom-tiles | dining-room-tiles | drawing-room-tiles | pooja-room-tiles | vitrified-tiles | kitchen-countertops | other-tile-areas,/images/products/lith-super-white-24-v1-slab.webp
50,Lith White 24 Slab,T61F237000098101,lith-white-24-slab,slab,800x2400 mm,polished,marble,white,name,,"floors, walls, kitchen counter tops",floor-tiles | wall-tiles | bathroom-tiles | living-room-tiles | bedroom-tiles | dining-room-tiles | drawing-room-tiles | pooja-room-tiles | vitrified-tiles | kitchen-countertops | other-tile-areas,/images/products/lith-white-24-slab.webp
51,Macabus Quartz 24 Carvo V2 Slab,T61F237000120101,macabus-quartz-24-carvo-v2-slab,slab,800x2400 mm,carving,marble,grey,image,,"floors, walls, kitchen counter tops",floor-tiles | wall-tiles | living-room-tiles | bedroom-tiles | dining-room-tiles | vitrified-tiles | kitchen-countertops | other-tile-areas,/images/products/macabus-quartz-24-carvo-v2-slab.webp
52,Nebula Berly 24 Slab,T61F237000105101,nebula-berly-24-slab,slab,800x2400 mm,polished,marble,beige,name,,"floors, walls, kitchen counter tops",floor-tiles | wall-tiles | bathroom-tiles | living-room-tiles | bedroom-tiles | dining-room-tiles | drawing-room-tiles | vitrified-tiles | kitchen-countertops | other-tile-areas,/images/products/nebula-berly-24-slab.webp
53,Nebula Berly 24 Matt Slab,T61F237000138101,nebula-berly-24-matt-slab,slab,800x2400 mm,matt,marble,beige,name,,"floors, walls, kitchen counter tops",floor-tiles | wall-tiles | living-room-tiles | bedroom-tiles | dining-room-tiles | vitrified-tiles | kitchen-countertops | other-tile-areas,/images/products/nebula-berly-24-matt-slab.webp
54,Nebula Cocoa 24 Slab,T61F237000104101,nebula-cocoa-24-slab,slab,800x2400 mm,polished,marble,brown,name,,"floors, walls, kitchen counter tops",floor-tiles | wall-tiles | bathroom-tiles | living-room-tiles | bedroom-tiles | dining-room-tiles | drawing-room-tiles | vitrified-tiles | kitchen-countertops | other-tile-areas,/images/products/nebula-cocoa-24-slab.webp
55,Nebula Crema 24 Slab,T61F237000101101,nebula-crema-24-slab,slab,800x2400 mm,polished,marble,cream,name,,"floors, walls, kitchen counter tops",floor-tiles | wall-tiles | bathroom-tiles | living-room-tiles | bedroom-tiles | dining-room-tiles | drawing-room-tiles | vitrified-tiles | kitchen-countertops | other-tile-areas,/images/products/nebula-crema-24-slab.webp
56,Nebula Crema 24 Matt Slab,T61F237000156101,nebula-crema-24-matt-slab,slab,800x2400 mm,matt,marble,cream,name,Technical Porcelain,"floors, walls, kitchen counter tops",floor-tiles | wall-tiles | living-room-tiles | bedroom-tiles | dining-room-tiles | vitrified-tiles | kitchen-countertops | other-tile-areas,/images/products/nebula-crema-24-matt-slab.webp
57,Nebula Grey 24 Slab,T61F237000102101,nebula-grey-24-slab,slab,800x2400 mm,polished,marble,grey,name,,"floors, walls, kitchen counter tops",floor-tiles | wall-tiles | bathroom-tiles | living-room-tiles | bedroom-tiles | dining-room-tiles | drawing-room-tiles | vitrified-tiles | kitchen-countertops | other-tile-areas,/images/products/nebula-grey-24-slab.webp
58,Nebula Nero 24 Slab,T61F237000103101,nebula-nero-24-slab,slab,800x2400 mm,polished,marble,black,name,,"floors, walls, kitchen counter tops",floor-tiles | wall-tiles | bathroom-tiles | living-room-tiles | bedroom-tiles | dining-room-tiles | drawing-room-tiles | vitrified-tiles | kitchen-countertops | other-tile-areas,/images/products/nebula-nero-24-slab.webp
59,Pietra Grey 24 V2 Slab,T61F237000113101,pietra-grey-24-v2-slab,slab,800x2400 mm,polished,stone,grey,name,,"floors, walls, kitchen counter tops",floor-tiles | wall-tiles | bathroom-tiles | living-room-tiles | bedroom-tiles | dining-room-tiles | drawing-room-tiles | vitrified-tiles | kitchen-countertops | other-tile-areas,/images/products/pietra-grey-24-v2-slab.webp
60,Statuario Gold 24 V2 Slab,T61F237000111101,statuario-gold-24-v2-slab,slab,800x2400 mm,polished,statuario,white-and-gold,name,,"floors, walls, kitchen counter tops",floor-tiles | wall-tiles | bathroom-tiles | living-room-tiles | bedroom-tiles | dining-room-tiles | drawing-room-tiles | pooja-room-tiles | vitrified-tiles | kitchen-countertops | other-tile-areas,/images/products/statuario-gold-24-v2-slab.webp
61,Valentina Rosso 24 V2 Slab,T61F237000112101,valentina-rosso-24-v2-slab,slab,800x2400 mm,polished,marble,red,name,,"floors, walls, kitchen counter tops",floor-tiles | wall-tiles | bathroom-tiles | living-room-tiles | bedroom-tiles | dining-room-tiles | drawing-room-tiles | vitrified-tiles | kitchen-countertops | other-tile-areas,/images/products/valentina-rosso-24-v2-slab.webp
62,Venato Bianco 24 V2 Slab,T61F237000110101,venato-bianco-24-v2-slab,slab,800x2400 mm,polished,marble,white,name,,"floors, walls, kitchen counter tops",floor-tiles | wall-tiles | bathroom-tiles | living-room-tiles | bedroom-tiles | dining-room-tiles | drawing-room-tiles | pooja-room-tiles | vitrified-tiles | kitchen-countertops | other-tile-areas,/images/products/venato-bianco-24-v2-slab.webp
63,Volacas Bianco 24 Carvo V3 Slab,T61F237000119101,volacas-bianco-24-carvo-v3-slab,slab,800x2400 mm,carving,marble,white,name,,"floors, walls, kitchen counter tops",floor-tiles | wall-tiles | living-room-tiles | bedroom-tiles | dining-room-tiles | vitrified-tiles | kitchen-countertops | other-tile-areas,/images/products/volacas-bianco-24-carvo-v3-slab.webp
64,15 Alaska Natural 180 V4 Slab,T33F243000001101,15-alaska-natural-180-v4-slab,slab,1200x1800 mm,matt,marble,beige,name,,"floors, walls",floor-tiles | wall-tiles | living-room-tiles | bedroom-tiles | dining-room-tiles | vitrified-tiles | other-tile-areas,/images/products/15-alaska-natural-180-v4-slab.webp
65,Antigua Onyx EL 180 Quill Soft GVT,T32F243000510102,antigua-onyx-el-180-quill-soft-gvt,gvt,1200x1800 mm,matt,onyx,beige,image,Elita,"floors, walls",floor-tiles | wall-tiles | living-room-tiles | bedroom-tiles | dining-room-tiles | vitrified-tiles | other-tile-areas,/images/products/antigua-onyx-el-180-quill-soft-gvt.webp
66,Antiqa Breccia EL 180 Quill Soft GVT,T32F243000509102,antiqa-breccia-el-180-quill-soft-gvt,gvt,1200x1800 mm,matt,marble,beige,image,Elita,"floors, walls",floor-tiles | wall-tiles | living-room-tiles | bedroom-tiles | dining-room-tiles | vitrified-tiles | other-tile-areas,/images/products/antiqa-breccia-el-180-quill-soft-gvt.webp
67,Arcano Grey 180 Gritstone MT V2 Slab,T32F243000280102,arcano-grey-180-gritstone-mt-v2-slab,slab,1200x1800 mm,rustic,stone,grey,name,Regalia,"floors, walls",floor-tiles | wall-tiles | living-room-tiles | bedroom-tiles | dining-room-tiles | vitrified-tiles | other-tile-areas,/images/products/arcano-grey-180-gritstone-mt-v2-slab.webp
68,Arcano Grey 180 Gritstone MT V2 Slab,T32F243000280101,arcano-grey-180-gritstone-mt-v2-slab-t32f243000280101,slab,1200x1800 mm,rustic,stone,grey,name,Regalia,"floors, walls",floor-tiles | wall-tiles | living-room-tiles | bedroom-tiles | dining-room-tiles | vitrified-tiles | other-tile-areas,/images/products/arcano-grey-180-gritstone-mt-v2-slab-t32f243000280101.webp
69,Castle Copper 180 Shape GVT,T32F243000516102,castle-copper-180-shape-gvt,gvt,1200x1800 mm,carving,marble,brown,name,Senso,"floors, walls",floor-tiles | wall-tiles | living-room-tiles | bedroom-tiles | dining-room-tiles | vitrified-tiles | other-tile-areas,/images/products/castle-copper-180-shape-gvt.webp
70,Colorato Beige 180 Gritstone MT V1 Slab,T32F243000283102,colorato-beige-180-gritstone-mt-v1-slab,slab,1200x1800 mm,rustic,stone,beige,name,Colorato,"floors, walls",floor-tiles | wall-tiles | living-room-tiles | bedroom-tiles | dining-room-tiles | vitrified-tiles | other-tile-areas,/images/products/colorato-beige-180-gritstone-mt-v1-slab.webp
71,Colorato Bianco 180 Gritstone MT V1 Slab,T32F243000284102,colorato-bianco-180-gritstone-mt-v1-slab,slab,1200x1800 mm,rustic,stone,white,name,Colorato,"floors, walls",floor-tiles | wall-tiles | living-room-tiles | bedroom-tiles | dining-room-tiles | vitrified-tiles | other-tile-areas,/images/products/colorato-bianco-180-gritstone-mt-v1-slab.webp
72,Colorato Blue 180 Gritstone MT V1 Slab,T32F243000285102,colorato-blue-180-gritstone-mt-v1-slab,slab,1200x1800 mm,rustic,stone,blue,name,Colorato,"floors, walls",floor-tiles | wall-tiles | living-room-tiles | bedroom-tiles | dining-room-tiles | vitrified-tiles | other-tile-areas,/images/products/colorato-blue-180-gritstone-mt-v1-slab.webp
73,Hemarus White 26 Quill V2 Slab,T61F275000117101,hemarus-white-26-quill-v2-slab,slab,800x2600 mm,matt,marble,white,name,,"floors, walls, kitchen counter tops",floor-tiles | wall-tiles | living-room-tiles | bedroom-tiles | dining-room-tiles | vitrified-tiles | kitchen-countertops | other-tile-areas,/images/products/hemarus-white-26-quill-v2-slab.webp
74,Leia Berly 26 Slab,T61F275000063101,leia-berly-26-slab,slab,800x2600 mm,polished,marble,beige,name,,"floors, walls, kitchen counter tops",floor-tiles | wall-tiles | bathroom-tiles | living-room-tiles | bedroom-tiles | dining-room-tiles | drawing-room-tiles | vitrified-tiles | kitchen-countertops | other-tile-areas,/images/products/leia-berly-26-slab.webp
75,Leia Crema 26 Slab,T61F275000061101,leia-crema-26-slab,slab,800x2600 mm,polished,marble,cream,name,,"floors, walls, kitchen counter tops",floor-tiles | wall-tiles | bathroom-tiles | living-room-tiles | bedroom-tiles | dining-room-tiles | drawing-room-tiles | vitrified-tiles | kitchen-countertops | other-tile-areas,/images/products/leia-crema-26-slab.webp
76,Lith Nero 26 Slab,T61F275000051101,lith-nero-26-slab,slab,800x2600 mm,polished,marble,black,name,,"floors, walls, kitchen counter tops",floor-tiles | wall-tiles | bathroom-tiles | living-room-tiles | bedroom-tiles | dining-room-tiles | drawing-room-tiles | vitrified-tiles | kitchen-countertops | other-tile-areas,/images/products/lith-nero-26-slab.webp
77,Lith Super White 26 V1 Slab,T61F275000158101,lith-super-white-26-v1-slab,slab,800x2600 mm,polished,marble,white,name,,"floors, walls, kitchen counter tops",floor-tiles | wall-tiles | bathroom-tiles | living-room-tiles | bedroom-tiles | dining-room-tiles | drawing-room-tiles | pooja-room-tiles | vitrified-tiles | kitchen-countertops | other-tile-areas,/images/products/lith-super-white-26-v1-slab.webp
78,Lith White 26 Slab,T61F275000050101,lith-white-26-slab,slab,800x2600 mm,polished,marble,white,name,,"floors, walls, kitchen counter tops",floor-tiles | wall-tiles | bathroom-tiles | living-room-tiles | bedroom-tiles | dining-room-tiles | drawing-room-tiles | pooja-room-tiles | vitrified-tiles | kitchen-countertops | other-tile-areas,/images/products/lith-white-26-slab.webp
79,Marquina Nero 26 Quill V2 Slab,T61F275000125101,marquina-nero-26-quill-v2-slab,slab,800x2600 mm,matt,marble,black,name,,"floors, walls, kitchen counter tops",floor-tiles | wall-tiles | living-room-tiles | bedroom-tiles | dining-room-tiles | vitrified-tiles | kitchen-countertops | other-tile-areas,/images/products/marquina-nero-26-quill-v2-slab.webp
80,Mauntain Black 26 V2 Slab,T61F275000079101,mauntain-black-26-v2-slab,slab,800x2600 mm,polished,granite,black,name,Lux,"floors, walls, kitchen counter tops",floor-tiles | wall-tiles | bathroom-tiles | living-room-tiles | bedroom-tiles | dining-room-tiles | drawing-room-tiles | vitrified-tiles | kitchen-countertops | other-tile-areas,/images/products/mauntain-black-26-v2-slab.webp
81,Nebula Berly 26 Slab,T61F275000058101,nebula-berly-26-slab,slab,800x2600 mm,polished,marble,beige,name,,"floors, walls, kitchen counter tops",floor-tiles | wall-tiles | bathroom-tiles | living-room-tiles | bedroom-tiles | dining-room-tiles | drawing-room-tiles | vitrified-tiles | kitchen-countertops | other-tile-areas,/images/products/nebula-berly-26-slab.webp
82,Nebula Brick Red 26 Slab,T61F275000060101,nebula-brick-red-26-slab,slab,800x2600 mm,polished,marble,red,name,,"floors, walls, kitchen counter tops",floor-tiles | wall-tiles | bathroom-tiles | living-room-tiles | bedroom-tiles | dining-room-tiles | drawing-room-tiles | vitrified-tiles | kitchen-countertops | other-tile-areas,/images/products/nebula-brick-red-26-slab.webp
83,Nebula Cocoa 26 Slab,T61F275000057101,nebula-cocoa-26-slab,slab,800x2600 mm,polished,marble,brown,name,,"floors, walls, kitchen counter tops",floor-tiles | wall-tiles | bathroom-tiles | living-room-tiles | bedroom-tiles | dining-room-tiles | drawing-room-tiles | vitrified-tiles | kitchen-countertops | other-tile-areas,/images/products/nebula-cocoa-26-slab.webp
84,Nebula Crema 26 Slab,T61F275000054101,nebula-crema-26-slab,slab,800x2600 mm,polished,marble,cream,name,,"floors, walls, kitchen counter tops",floor-tiles | wall-tiles | bathroom-tiles | living-room-tiles | bedroom-tiles | dining-room-tiles | drawing-room-tiles | vitrified-tiles | kitchen-countertops | other-tile-areas,/images/products/nebula-crema-26-slab.webp
85,Nebula Grey 26 Slab,T61F275000055101,nebula-grey-26-slab,slab,800x2600 mm,polished,marble,grey,name,,"floors, walls, kitchen counter tops",floor-tiles | wall-tiles | bathroom-tiles | living-room-tiles | bedroom-tiles | dining-room-tiles | drawing-room-tiles | vitrified-tiles | kitchen-countertops | other-tile-areas,/images/products/nebula-grey-26-slab.webp
86,Nebula Nero 26 Slab,T61F275000056101,nebula-nero-26-slab,slab,800x2600 mm,polished,marble,black,name,,"floors, walls, kitchen counter tops",floor-tiles | wall-tiles | bathroom-tiles | living-room-tiles | bedroom-tiles | dining-room-tiles | drawing-room-tiles | vitrified-tiles | kitchen-countertops | other-tile-areas,/images/products/nebula-nero-26-slab.webp
87,Nebula Ocean 26 Slab,T61F275000059101,nebula-ocean-26-slab,slab,800x2600 mm,polished,marble,blue,name,,"floors, walls, kitchen counter tops",floor-tiles | wall-tiles | bathroom-tiles | living-room-tiles | bedroom-tiles | dining-room-tiles | drawing-room-tiles | vitrified-tiles | kitchen-countertops | other-tile-areas,/images/products/nebula-ocean-26-slab.webp
88,Orobico Bruno 26 Quill V2 Slab,T61F275000126101,orobico-bruno-26-quill-v2-slab,slab,800x2600 mm,matt,marble,brown,name,,"floors, walls, kitchen counter tops",floor-tiles | wall-tiles | living-room-tiles | bedroom-tiles | dining-room-tiles | vitrified-tiles | kitchen-countertops | other-tile-areas,/images/products/orobico-bruno-26-quill-v2-slab.webp
89,Ossigeno Natural 26 Quill V2 Slab,T61F275000116101,ossigeno-natural-26-quill-v2-slab,slab,800x2600 mm,matt,marble,beige,name,,"floors, walls, kitchen counter tops",floor-tiles | wall-tiles | living-room-tiles | bedroom-tiles | dining-room-tiles | vitrified-tiles | kitchen-countertops | other-tile-areas,/images/products/ossigeno-natural-26-quill-v2-slab.webp
90,Ossigeno Natural 26 V2 Slab,T61F275000077101,ossigeno-natural-26-v2-slab,slab,800x2600 mm,polished,marble,beige,name,,"floors, walls, kitchen counter tops",floor-tiles | wall-tiles | bathroom-tiles | living-room-tiles | bedroom-tiles | dining-room-tiles | drawing-room-tiles | vitrified-tiles | kitchen-countertops | other-tile-areas,/images/products/ossigeno-natural-26-v2-slab.webp
91,Palissandro Bianco 26 Quill V3 Slab,T61F275000118101,palissandro-bianco-26-quill-v3-slab,slab,800x2600 mm,matt,marble,white,name,,"floors, walls, kitchen counter tops",floor-tiles | wall-tiles | living-room-tiles | bedroom-tiles | dining-room-tiles | vitrified-tiles | kitchen-countertops | other-tile-areas,/images/products/palissandro-bianco-26-quill-v3-slab.webp
92,Palissandro Nero 26 Quill V3 Slab,T61F275000123101,palissandro-nero-26-quill-v3-slab,slab,800x2600 mm,matt,marble,black,name,,"floors, walls, kitchen counter tops",floor-tiles | wall-tiles | living-room-tiles | bedroom-tiles | dining-room-tiles | vitrified-tiles | kitchen-countertops | other-tile-areas,/images/products/palissandro-nero-26-quill-v3-slab.webp
93,Panda Snow 26 Quill V2 Slab,T61F275000113101,panda-snow-26-quill-v2-slab,slab,800x2600 mm,matt,marble,black-and-white,name,,"floors, walls, kitchen counter tops",floor-tiles | wall-tiles | living-room-tiles | bedroom-tiles | dining-room-tiles | vitrified-tiles | kitchen-countertops | other-tile-areas,/images/products/panda-snow-26-quill-v2-slab.webp
94,Panda Snow 26 V2 Slab,T61F275000074101,panda-snow-26-v2-slab,slab,800x2600 mm,polished,marble,black-and-white,name,,"floors, walls, kitchen counter tops",floor-tiles | wall-tiles | bathroom-tiles | living-room-tiles | bedroom-tiles | dining-room-tiles | drawing-room-tiles | vitrified-tiles | kitchen-countertops | other-tile-areas,/images/products/panda-snow-26-v2-slab.webp
95,Panda Snow Riga 26 Shape V2 Slab,T61F275000171101,panda-snow-riga-26-shape-v2-slab,slab,800x2600 mm,carving,marble,black-and-white,name,,"floors, walls, kitchen counter tops",floor-tiles | wall-tiles | living-room-tiles | bedroom-tiles | dining-room-tiles | vitrified-tiles | kitchen-countertops | other-tile-areas,/images/products/panda-snow-riga-26-shape-v2-slab.webp
96,Rivera Onyx 26 V2 Slab,T61F275000078101,rivera-onyx-26-v2-slab,slab,800x2600 mm,polished,onyx,brown,image,,"floors, walls, kitchen counter tops",floor-tiles | wall-tiles | bathroom-tiles | living-room-tiles | bedroom-tiles | dining-room-tiles | drawing-room-tiles | vitrified-tiles | kitchen-countertops | other-tile-areas,/images/products/rivera-onyx-26-v2-slab.webp
97,Max 180 Quora Cimelio Grey Slab,T32F243000086102,max-180-quora-cimelio-grey-slab,slab,1200x1800 mm,matt,marble,grey,name,Max Line,"floors, walls",floor-tiles | wall-tiles | living-room-tiles | bedroom-tiles | dining-room-tiles | vitrified-tiles | other-tile-areas,/images/products/max-180-quora-cimelio-grey-slab.webp
98,Max 180 Reggio Grey FP GVT,T32F243000131102,max-180-reggio-grey-fp-gvt,gvt,1200x1800 mm,polished,marble,grey,name,Max,"floors, walls",floor-tiles | wall-tiles | bathroom-tiles | living-room-tiles | bedroom-tiles | dining-room-tiles | drawing-room-tiles | vitrified-tiles | other-tile-areas,/images/products/max-180-reggio-grey-fp-gvt.webp
99,Max 180 Roma Statuario FP GVT,T32F243000133102,max-180-roma-statuario-fp-gvt,gvt,1200x1800 mm,polished,statuario,white,name,Max,"floors, walls",floor-tiles | wall-tiles | bathroom-tiles | living-room-tiles | bedroom-tiles | dining-room-tiles | drawing-room-tiles | pooja-room-tiles | vitrified-tiles | other-tile-areas,/images/products/max-180-roma-statuario-fp-gvt.webp
100,Max 180 Scalea Beige FP GVT,T32F243000135102,max-180-scalea-beige-fp-gvt,gvt,1200x1800 mm,polished,marble,beige,name,Max,"floors, walls",floor-tiles | wall-tiles | bathroom-tiles | living-room-tiles | bedroom-tiles | dining-room-tiles | drawing-room-tiles | vitrified-tiles | other-tile-areas,/images/products/max-180-scalea-beige-fp-gvt.webp
101,Max 180 Soraya Beige FP GVT,T32F243000172102,max-180-soraya-beige-fp-gvt,gvt,1200x1800 mm,polished,marble,beige,name,Max,"floors, walls",floor-tiles | wall-tiles | bathroom-tiles | living-room-tiles | bedroom-tiles | dining-room-tiles | drawing-room-tiles | vitrified-tiles | other-tile-areas,/images/products/max-180-soraya-beige-fp-gvt.webp
102,Max 180 Volta Beige FP Slab,T32F243000070102,max-180-volta-beige-fp-slab,slab,1200x1800 mm,polished,marble,beige,name,Max Line,"floors, walls",floor-tiles | wall-tiles | bathroom-tiles | living-room-tiles | bedroom-tiles | dining-room-tiles | drawing-room-tiles | vitrified-tiles | other-tile-areas,/images/products/max-180-volta-beige-fp-slab.webp
103,Onyx Crystallo EL 180 Quill Soft GVT,T32F243000511102,onyx-crystallo-el-180-quill-soft-gvt,gvt,1200x1800 mm,matt,onyx,grey,image,Elita,"floors, walls",floor-tiles | wall-tiles | living-room-tiles | bedroom-tiles | dining-room-tiles | vitrified-tiles | other-tile-areas,/images/products/onyx-crystallo-el-180-quill-soft-gvt.webp
104,Prion Light Grey Matt Slab,T32F243000111102,prion-light-grey-matt-slab,slab,1200x1800 mm,matt,marble,grey,name,PVT DC Regular,"floors, walls",floor-tiles | wall-tiles | living-room-tiles | bedroom-tiles | dining-room-tiles | vitrified-tiles | other-tile-areas,/images/products/prion-light-grey-matt-slab.webp
105,Turkish Ash EL 180 Quill Soft GVT,T32F243000512102,turkish-ash-el-180-quill-soft-gvt,gvt,1200x1800 mm,matt,marble,grey,name,Elita,"floors, walls",floor-tiles | wall-tiles | living-room-tiles | bedroom-tiles | dining-room-tiles | vitrified-tiles | other-tile-areas,/images/products/turkish-ash-el-180-quill-soft-gvt.webp
106,Enorme Archer Grey FP GVT,T31F230000312102,enorme-archer-grey-fp-gvt,gvt,800x1600 mm,polished,marble,grey,name,,"floors, walls",floor-tiles | wall-tiles | bathroom-tiles | living-room-tiles | bedroom-tiles | dining-room-tiles | drawing-room-tiles | vitrified-tiles,/images/products/enorme-archer-grey-fp-gvt.webp
107,Enorme Arena Beige FP GVT,T31F230000058102,enorme-arena-beige-fp-gvt,gvt,800x1600 mm,polished,marble,beige,name,,"floors, walls",floor-tiles | wall-tiles | bathroom-tiles | living-room-tiles | bedroom-tiles | dining-room-tiles | drawing-room-tiles | vitrified-tiles,/images/products/enorme-arena-beige-fp-gvt.webp
108,Enorme Arenado Grey Light FP GVT,T31F230000061102,enorme-arenado-grey-light-fp-gvt,gvt,800x1600 mm,polished,marble,grey,name,,"floors, walls",floor-tiles | wall-tiles | bathroom-tiles | living-room-tiles | bedroom-tiles | dining-room-tiles | drawing-room-tiles | vitrified-tiles,/images/products/enorme-arenado-grey-light-fp-gvt.webp
109,Enorme Atlas Crema FP GVT,T31F230000005102,enorme-atlas-crema-fp-gvt,gvt,800x1600 mm,polished,marble,cream,name,,"floors, walls",floor-tiles | wall-tiles | bathroom-tiles | living-room-tiles | bedroom-tiles | dining-room-tiles | drawing-room-tiles | vitrified-tiles,/images/products/enorme-atlas-crema-fp-gvt.webp
110,Enorme Camus Beige FP GVT,T31F230000043102,enorme-camus-beige-fp-gvt,gvt,800x1600 mm,polished,marble,beige,name,,"floors, walls",floor-tiles | wall-tiles | bathroom-tiles | living-room-tiles | bedroom-tiles | dining-room-tiles | drawing-room-tiles | vitrified-tiles,/images/products/enorme-camus-beige-fp-gvt.webp
111,Enorme DH Valor IMP Perlato Crema GVT,T31F230000263102,enorme-dh-valor-imp-perlato-crema-gvt,gvt,800x1600 mm,matt,marble,cream,name,Valor,"floors, walls",floor-tiles | wall-tiles | living-room-tiles | bedroom-tiles | dining-room-tiles | vitrified-tiles,/images/products/enorme-dh-valor-imp-perlato-crema-gvt.webp
112,Enorme EL Divinity Ash FP GVT,T31F230000432102,enorme-el-divinity-ash-fp-gvt,gvt,800x1600 mm,polished,marble,grey,name,,"floors, walls",floor-tiles | wall-tiles | bathroom-tiles | living-room-tiles | bedroom-tiles | dining-room-tiles | drawing-room-tiles | vitrified-tiles,/images/products/enorme-el-divinity-ash-fp-gvt.webp
113,Enorme EL IMP Grao Multi GVT,T31F230000427102,enorme-el-imp-grao-multi-gvt,gvt,800x1600 mm,matt,marble,grey,image,,"floors, walls",floor-tiles | wall-tiles | living-room-tiles | bedroom-tiles | dining-room-tiles | vitrified-tiles,/images/products/enorme-el-imp-grao-multi-gvt.webp
114,Enorme EL Ortona Crema FP GVT,T31F230000614102,enorme-el-ortona-crema-fp-gvt,gvt,800x1600 mm,polished,marble,cream,name,,"floors, walls",floor-tiles | wall-tiles | bathroom-tiles | living-room-tiles | bedroom-tiles | dining-room-tiles | drawing-room-tiles | vitrified-tiles,/images/products/enorme-el-ortona-crema-fp-gvt.webp
115,Enorme EL Ortona Silver FP GVT,T31F230000615102,enorme-el-ortona-silver-fp-gvt,gvt,800x1600 mm,polished,marble,grey,name,,"floors, walls",floor-tiles | wall-tiles | bathroom-tiles | living-room-tiles | bedroom-tiles | dining-room-tiles | drawing-room-tiles | vitrified-tiles,/images/products/enorme-el-ortona-silver-fp-gvt.webp
116,Enorme EL Ortona Taupe FP GVT,T31F230000616102,enorme-el-ortona-taupe-fp-gvt,gvt,800x1600 mm,polished,marble,beige,name,,"floors, walls",floor-tiles | wall-tiles | bathroom-tiles | living-room-tiles | bedroom-tiles | dining-room-tiles | drawing-room-tiles | vitrified-tiles,/images/products/enorme-el-ortona-taupe-fp-gvt.webp
117,Enorme EL Palermo Grey FP GVT,T31F230000618102,enorme-el-palermo-grey-fp-gvt,gvt,800x1600 mm,polished,marble,grey,name,,"floors, walls",floor-tiles | wall-tiles | bathroom-tiles | living-room-tiles | bedroom-tiles | dining-room-tiles | drawing-room-tiles | vitrified-tiles,/images/products/enorme-el-palermo-grey-fp-gvt.webp
118,Enorme EL Wembley Crema FP GVT,T31F230000429102,enorme-el-wembley-crema-fp-gvt,gvt,800x1600 mm,polished,marble,cream,name,,"floors, walls",floor-tiles | wall-tiles | bathroom-tiles | living-room-tiles | bedroom-tiles | dining-room-tiles | drawing-room-tiles | vitrified-tiles,/images/products/enorme-el-wembley-crema-fp-gvt.webp
119,Enorme EL Zaffiro Grey FP GVT,T31F230000431102,enorme-el-zaffiro-grey-fp-gvt,gvt,800x1600 mm,polished,marble,grey,name,,"floors, walls",floor-tiles | wall-tiles | bathroom-tiles | living-room-tiles | bedroom-tiles | dining-room-tiles | drawing-room-tiles | vitrified-tiles,/images/products/enorme-el-zaffiro-grey-fp-gvt.webp
120,Enorme Emina Grey GVT,T31F230000457102,enorme-emina-grey-gvt,gvt,800x1600 mm,matt,marble,grey,name,,"floors, walls",floor-tiles | wall-tiles | living-room-tiles | bedroom-tiles | dining-room-tiles | vitrified-tiles,/images/products/enorme-emina-grey-gvt.webp
121,Colorato Crema 180 Gritstone MT V1 Slab,T32F243000286102,colorato-crema-180-gritstone-mt-v1-slab,slab,1200x1800 mm,rustic,stone,cream,name,Colorato,"floors, walls",floor-tiles | wall-tiles | living-room-tiles | bedroom-tiles | dining-room-tiles | vitrified-tiles | other-tile-areas,/images/products/colorato-crema-180-gritstone-mt-v1-slab.webp
122,Colorato Green 180 Gritstone MT V1 Slab,T32F243000287102,colorato-green-180-gritstone-mt-v1-slab,slab,1200x1800 mm,rustic,stone,green,name,Colorato,"floors, walls",floor-tiles | wall-tiles | living-room-tiles | bedroom-tiles | dining-room-tiles | vitrified-tiles | other-tile-areas,/images/products/colorato-green-180-gritstone-mt-v1-slab.webp
123,Colorato Grey 180 Gritstone MT V1 Slab,T32F243000288102,colorato-grey-180-gritstone-mt-v1-slab,slab,1200x1800 mm,rustic,stone,grey,name,Colorato,"floors, walls",floor-tiles | wall-tiles | living-room-tiles | bedroom-tiles | dining-room-tiles | vitrified-tiles | other-tile-areas,/images/products/colorato-grey-180-gritstone-mt-v1-slab.webp
124,Colorato Red 180 Gritstone MT V1 Slab,T32F243000289102,colorato-red-180-gritstone-mt-v1-slab,slab,1200x1800 mm,rustic,stone,red,name,Colorato,"floors, walls",floor-tiles | wall-tiles | living-room-tiles | bedroom-tiles | dining-room-tiles | vitrified-tiles | other-tile-areas,/images/products/colorato-red-180-gritstone-mt-v1-slab.webp
125,Diano Durban 180 FP V3 Slab,T32F243000236102,diano-durban-180-fp-v3-slab,slab,1200x1800 mm,polished,marble,grey,image,Regalia,"floors, walls",floor-tiles | wall-tiles | bathroom-tiles | living-room-tiles | bedroom-tiles | dining-room-tiles | drawing-room-tiles | vitrified-tiles | other-tile-areas,/images/products/diano-durban-180-fp-v3-slab.webp
126,Diano Durban 180 FP V3 Slab,T32F243000236101,diano-durban-180-fp-v3-slab-t32f243000236101,slab,1200x1800 mm,polished,marble,grey,image,Regalia,"floors, walls",floor-tiles | wall-tiles | bathroom-tiles | living-room-tiles | bedroom-tiles | dining-room-tiles | drawing-room-tiles | vitrified-tiles | other-tile-areas,/images/products/diano-durban-180-fp-v3-slab-t32f243000236101.webp
127,Luxura Beige 180 Shape GVT,T32F243000515102,luxura-beige-180-shape-gvt,gvt,1200x1800 mm,carving,marble,beige,name,Senso,"floors, walls",floor-tiles | wall-tiles | living-room-tiles | bedroom-tiles | dining-room-tiles | vitrified-tiles | other-tile-areas,/images/products/luxura-beige-180-shape-gvt.webp
128,Malta Grey 180 Carvo GVT,T32F243000518102,malta-grey-180-carvo-gvt,gvt,1200x1800 mm,carving,marble,grey,name,Senso,"floors, walls",floor-tiles | wall-tiles | living-room-tiles | bedroom-tiles | dining-room-tiles | vitrified-tiles | other-tile-areas,/images/products/malta-grey-180-carvo-gvt.webp
129,Malta Grey 180 Shape GVT,T32F243000514102,malta-grey-180-shape-gvt,gvt,1200x1800 mm,carving,marble,grey,name,Senso,"floors, walls",floor-tiles | wall-tiles | living-room-tiles | bedroom-tiles | dining-room-tiles | vitrified-tiles | other-tile-areas,/images/products/malta-grey-180-shape-gvt.webp
130,Malta Natural 180 Carvo GVT,T32F243000517102,malta-natural-180-carvo-gvt,gvt,1200x1800 mm,carving,marble,beige,name,Senso,"floors, walls",floor-tiles | wall-tiles | living-room-tiles | bedroom-tiles | dining-room-tiles | vitrified-tiles | other-tile-areas,/images/products/malta-natural-180-carvo-gvt.webp
131,Malta Natural 180 Shape GVT,T32F243000513102,malta-natural-180-shape-gvt,gvt,1200x1800 mm,carving,marble,beige,name,Senso,"floors, walls",floor-tiles | wall-tiles | living-room-tiles | bedroom-tiles | dining-room-tiles | vitrified-tiles | other-tile-areas,/images/products/malta-natural-180-shape-gvt.webp
132,Malta Oyster 180 Carvo GVT,T32F243000519102,malta-oyster-180-carvo-gvt,gvt,1200x1800 mm,carving,marble,beige,name,Senso,"floors, walls",floor-tiles | wall-tiles | living-room-tiles | bedroom-tiles | dining-room-tiles | vitrified-tiles | other-tile-areas,/images/products/malta-oyster-180-carvo-gvt.webp
133,Malta Tan 180 Carvo GVT,T32F243000520102,malta-tan-180-carvo-gvt,gvt,1200x1800 mm,carving,marble,brown,name,Senso,"floors, walls",floor-tiles | wall-tiles | living-room-tiles | bedroom-tiles | dining-room-tiles | vitrified-tiles | other-tile-areas,/images/products/malta-tan-180-carvo-gvt.webp
134,Max 180 Ava Armani Grey FP GVT,T32F243000115102,max-180-ava-armani-grey-fp-gvt,gvt,1200x1800 mm,polished,marble,grey,name,Max,"floors, walls",floor-tiles | wall-tiles | bathroom-tiles | living-room-tiles | bedroom-tiles | dining-room-tiles | drawing-room-tiles | vitrified-tiles | other-tile-areas,/images/products/max-180-ava-armani-grey-fp-gvt.webp
135,Max 180 Corten Gold FP Slab,T32F243000066102,max-180-corten-gold-fp-slab,slab,1200x1800 mm,polished,marble,gold,name,Max Line,"floors, walls",floor-tiles | wall-tiles | bathroom-tiles | living-room-tiles | bedroom-tiles | dining-room-tiles | drawing-room-tiles | vitrified-tiles | other-tile-areas,/images/products/max-180-corten-gold-fp-slab.webp
136,Max 180 IMP Mallory Beige GVT,T32F243000155102,max-180-imp-mallory-beige-gvt,gvt,1200x1800 mm,matt,marble,beige,name,Max,"floors, walls",floor-tiles | wall-tiles | living-room-tiles | bedroom-tiles | dining-room-tiles | vitrified-tiles | other-tile-areas,/images/products/max-180-imp-mallory-beige-gvt.webp
137,Max 180 Impression Corten Gold Slab,T32F243000095102,max-180-impression-corten-gold-slab,slab,1200x1800 mm,matt,marble,gold,name,Max Line,"floors, walls",floor-tiles | wall-tiles | living-room-tiles | bedroom-tiles | dining-room-tiles | vitrified-tiles | other-tile-areas,/images/products/max-180-impression-corten-gold-slab.webp
138,Max 180 Kristen Bianco FP GVT,T32F243000171102,max-180-kristen-bianco-fp-gvt,gvt,1200x1800 mm,polished,marble,white,name,Max,"floors, walls",floor-tiles | wall-tiles | bathroom-tiles | living-room-tiles | bedroom-tiles | dining-room-tiles | drawing-room-tiles | pooja-room-tiles | vitrified-tiles | other-tile-areas,/images/products/max-180-kristen-bianco-fp-gvt.webp
139,Max 180 Lenox Grey FP GVT,T32F243000165102,max-180-lenox-grey-fp-gvt,gvt,1200x1800 mm,polished,marble,grey,name,Max,"floors, walls",floor-tiles | wall-tiles | bathroom-tiles | living-room-tiles | bedroom-tiles | dining-room-tiles | drawing-room-tiles | vitrified-tiles | other-tile-areas,/images/products/max-180-lenox-grey-fp-gvt.webp
140,Max 180 Lucido Night Nero Slab,T32F243000031102,max-180-lucido-night-nero-slab,slab,1200x1800 mm,high-gloss,marble,black,name,Max Line,"floors, walls",floor-tiles | wall-tiles | bathroom-tiles | living-room-tiles | bedroom-tiles | dining-room-tiles | drawing-room-tiles | vitrified-tiles | other-tile-areas,/images/products/max-180-lucido-night-nero-slab.webp
141,Max 180 Maureen Natural FP GVT,T32F243000173102,max-180-maureen-natural-fp-gvt,gvt,1200x1800 mm,polished,marble,beige,name,Max,"floors, walls",floor-tiles | wall-tiles | bathroom-tiles | living-room-tiles | bedroom-tiles | dining-room-tiles | drawing-room-tiles | vitrified-tiles | other-tile-areas,/images/products/max-180-maureen-natural-fp-gvt.webp
142,Max 180 Pariso Beige FP GVT,T32F243000160102,max-180-pariso-beige-fp-gvt,gvt,1200x1800 mm,polished,marble,beige,name,Max,"floors, walls",floor-tiles | wall-tiles | bathroom-tiles | living-room-tiles | bedroom-tiles | dining-room-tiles | drawing-room-tiles | vitrified-tiles | other-tile-areas,/images/products/max-180-pariso-beige-fp-gvt.webp
143,Max 180 Plume Vermion Crema GVT,T32F243000490102,max-180-plume-vermion-crema-gvt,gvt,1200x1800 mm,matt,marble,cream,name,Max,"floors, walls",floor-tiles | wall-tiles | living-room-tiles | bedroom-tiles | dining-room-tiles | vitrified-tiles | other-tile-areas,/images/products/max-180-plume-vermion-crema-gvt.webp
144,Max 180 Prime Atlas Crema FP GVT,T32F243000129102,max-180-prime-atlas-crema-fp-gvt,gvt,1200x1800 mm,polished,marble,cream,name,Max,"floors, walls",floor-tiles | wall-tiles | bathroom-tiles | living-room-tiles | bedroom-tiles | dining-room-tiles | drawing-room-tiles | vitrified-tiles | other-tile-areas,/images/products/max-180-prime-atlas-crema-fp-gvt.webp
145,Enorme KS Etro Crema ET GVT,T31F230000599102,enorme-ks-etro-crema-et-gvt,gvt,800x1600 mm,matt,marble,cream,name,Eternastone,"floors, walls",floor-tiles | wall-tiles | living-room-tiles | bedroom-tiles | dining-room-tiles | vitrified-tiles,/images/products/enorme-ks-etro-crema-et-gvt.webp
146,Enorme KS Everstone Avario Robusto Pedro GVT,T31F230000595102,enorme-ks-everstone-avario-robusto-pedro-gvt,gvt,800x1600 mm,matt,stone,grey,image,Everstone,"floors, walls",floor-tiles | wall-tiles | living-room-tiles | bedroom-tiles | dining-room-tiles | vitrified-tiles,/images/products/enorme-ks-everstone-avario-robusto-pedro-gvt.webp
147,Enorme KS Everstone Beige Robusto Pedro GVT,T31F230000596102,enorme-ks-everstone-beige-robusto-pedro-gvt,gvt,800x1600 mm,matt,stone,beige,name,Everstone,"floors, walls",floor-tiles | wall-tiles | living-room-tiles | bedroom-tiles | dining-room-tiles | vitrified-tiles,/images/products/enorme-ks-everstone-beige-robusto-pedro-gvt.webp
148,Enorme KS Everstone Chiaro Robusto Pedro GVT,T31F230000597102,enorme-ks-everstone-chiaro-robusto-pedro-gvt,gvt,800x1600 mm,matt,stone,grey,image,Everstone,"floors, walls",floor-tiles | wall-tiles | living-room-tiles | bedroom-tiles | dining-room-tiles | vitrified-tiles,/images/products/enorme-ks-everstone-chiaro-robusto-pedro-gvt.webp
149,Enorme KS Everstone Scuro Robusto Pedro GVT,T31F230000598102,enorme-ks-everstone-scuro-robusto-pedro-gvt,gvt,800x1600 mm,matt,stone,grey,name,Everstone,"floors, walls",floor-tiles | wall-tiles | living-room-tiles | bedroom-tiles | dining-room-tiles | vitrified-tiles,/images/products/enorme-ks-everstone-scuro-robusto-pedro-gvt.webp
150,Enorme KS Levigato Avelino Natural LGN GVT,T31F230000593102,enorme-ks-levigato-avelino-natural-lgn-gvt,gvt,800x1600 mm,matt,marble,beige,name,Harmony,"floors, walls",floor-tiles | wall-tiles | living-room-tiles | bedroom-tiles | dining-room-tiles | vitrified-tiles,/images/products/enorme-ks-levigato-avelino-natural-lgn-gvt.webp
151,Enorme KS Lucido Akton Black GVT,T31F230000571102,enorme-ks-lucido-akton-black-gvt,gvt,800x1600 mm,high-gloss,marble,black,name,,"floors, walls",floor-tiles | wall-tiles | bathroom-tiles | living-room-tiles | bedroom-tiles | dining-room-tiles | drawing-room-tiles | vitrified-tiles,/images/products/enorme-ks-lucido-akton-black-gvt.webp
152,Enorme KS Mortero Cotto ET GVT,T31F230000605102,enorme-ks-mortero-cotto-et-gvt,gvt,800x1600 mm,matt,concrete,terracotta,name,Eternastone,"floors, walls",floor-tiles | wall-tiles | living-room-tiles | bedroom-tiles | dining-room-tiles | vitrified-tiles,/images/products/enorme-ks-mortero-cotto-et-gvt.webp
153,Enorme KS Mortero Grey ET GVT,T31F230000606102,enorme-ks-mortero-grey-et-gvt,gvt,800x1600 mm,matt,concrete,grey,name,Eternastone,"floors, walls",floor-tiles | wall-tiles | living-room-tiles | bedroom-tiles | dining-room-tiles | vitrified-tiles,/images/products/enorme-ks-mortero-grey-et-gvt.webp
154,Enorme KS Optoro Beige Plume GVT,T31F230000602102,enorme-ks-optoro-beige-plume-gvt,gvt,800x1600 mm,matt,marble,beige,name,Eternastone,"floors, walls",floor-tiles | wall-tiles | living-room-tiles | bedroom-tiles | dining-room-tiles | vitrified-tiles,/images/products/enorme-ks-optoro-beige-plume-gvt.webp
155,Enorme KS Raggio Beige ET GVT,T31F230000603102,enorme-ks-raggio-beige-et-gvt,gvt,800x1600 mm,matt,marble,beige,name,Eternastone,"floors, walls",floor-tiles | wall-tiles | living-room-tiles | bedroom-tiles | dining-room-tiles | vitrified-tiles,/images/products/enorme-ks-raggio-beige-et-gvt.webp
156,Enorme Livorno Nero GVT,T31F230000538102,enorme-livorno-nero-gvt,gvt,800x1600 mm,matt,marble,black,name,,"floors, walls",floor-tiles | wall-tiles | living-room-tiles | bedroom-tiles | dining-room-tiles | vitrified-tiles,/images/products/enorme-livorno-nero-gvt.webp
157,Enorme Lunesis Super White FP GVT,T31F230000088102,enorme-lunesis-super-white-fp-gvt,gvt,800x1600 mm,polished,marble,white,name,,"floors, walls",floor-tiles | wall-tiles | bathroom-tiles | living-room-tiles | bedroom-tiles | dining-room-tiles | drawing-room-tiles | pooja-room-tiles | vitrified-tiles,/images/products/enorme-lunesis-super-white-fp-gvt.webp
158,Enorme Presto Natural FP GVT,T31F230000443102,enorme-presto-natural-fp-gvt,gvt,800x1600 mm,polished,marble,beige,name,,"floors, walls",floor-tiles | wall-tiles | bathroom-tiles | living-room-tiles | bedroom-tiles | dining-room-tiles | drawing-room-tiles | vitrified-tiles,/images/products/enorme-presto-natural-fp-gvt.webp
159,Enorme Rioha Statuario FP GVT,T31F230000120102,enorme-rioha-statuario-fp-gvt,gvt,800x1600 mm,polished,statuario,white,name,,"floors, walls",floor-tiles | wall-tiles | bathroom-tiles | living-room-tiles | bedroom-tiles | dining-room-tiles | drawing-room-tiles | pooja-room-tiles | vitrified-tiles,/images/products/enorme-rioha-statuario-fp-gvt.webp
160,Enorme Rosabela Grey FP GVT,T31F230000074102,enorme-rosabela-grey-fp-gvt,gvt,800x1600 mm,polished,marble,grey,name,,"floors, walls",floor-tiles | wall-tiles | bathroom-tiles | living-room-tiles | bedroom-tiles | dining-room-tiles | drawing-room-tiles | vitrified-tiles,/images/products/enorme-rosabela-grey-fp-gvt.webp
161,Enorme Spencer Natural FP GVT,T31F230000445102,enorme-spencer-natural-fp-gvt,gvt,800x1600 mm,polished,marble,beige,name,,"floors, walls",floor-tiles | wall-tiles | bathroom-tiles | living-room-tiles | bedroom-tiles | dining-room-tiles | drawing-room-tiles | vitrified-tiles,/images/products/enorme-spencer-natural-fp-gvt.webp
162,Enorme Statuario FP GVT,T31F230000010102,enorme-statuario-fp-gvt,gvt,800x1600 mm,polished,statuario,white,name,,"floors, walls",floor-tiles | wall-tiles | bathroom-tiles | living-room-tiles | bedroom-tiles | dining-room-tiles | drawing-room-tiles | pooja-room-tiles | vitrified-tiles,/images/products/enorme-statuario-fp-gvt.webp
163,Enorme Valor IMP Atlas Bianco GVT,T31F230000194102,enorme-valor-imp-atlas-bianco-gvt,gvt,800x1600 mm,matt,marble,white,name,Valor,"floors, walls",floor-tiles | wall-tiles | living-room-tiles | bedroom-tiles | dining-room-tiles | vitrified-tiles,/images/products/enorme-valor-imp-atlas-bianco-gvt.webp
164,FB Novato Saga Barley Polish PVT,T23F230000037102,fb-novato-saga-barley-polish-pvt,pvt,800x1600 mm,polished,marble,beige,name,Tech Homogenea,"floors, walls",floor-tiles | wall-tiles | bathroom-tiles | living-room-tiles | bedroom-tiles | dining-room-tiles | hallway-tiles | drawing-room-tiles | vitrified-tiles | other-tile-areas,/images/products/fb-novato-saga-barley-polish-pvt.webp
165,FB Novato Saga Bianco Polish PVT,T23F230000033102,fb-novato-saga-bianco-polish-pvt,pvt,800x1600 mm,polished,marble,white,name,Tech Homogenea,"floors, walls",floor-tiles | wall-tiles | bathroom-tiles | living-room-tiles | bedroom-tiles | dining-room-tiles | hallway-tiles | drawing-room-tiles | pooja-room-tiles | vitrified-tiles | other-tile-areas,/images/products/fb-novato-saga-bianco-polish-pvt.webp
166,FB Novato Saga Grey Polish PVT,T23F230000034102,fb-novato-saga-grey-polish-pvt,pvt,800x1600 mm,polished,marble,grey,name,Tech Homogenea,"floors, walls",floor-tiles | wall-tiles | bathroom-tiles | living-room-tiles | bedroom-tiles | dining-room-tiles | hallway-tiles | drawing-room-tiles | vitrified-tiles | other-tile-areas,/images/products/fb-novato-saga-grey-polish-pvt.webp
167,FB Novato Saga Olive Polish PVT,T23F230000035102,fb-novato-saga-olive-polish-pvt,pvt,800x1600 mm,polished,marble,green,name,Tech Homogenea,"floors, walls",floor-tiles | wall-tiles | bathroom-tiles | living-room-tiles | bedroom-tiles | dining-room-tiles | hallway-tiles | drawing-room-tiles | vitrified-tiles | other-tile-areas,/images/products/fb-novato-saga-olive-polish-pvt.webp
168,FB Novato Saga White Polish PVT,T23F230000036102,fb-novato-saga-white-polish-pvt,pvt,800x1600 mm,polished,marble,white,name,Tech Homogenea,"floors, walls",floor-tiles | wall-tiles | bathroom-tiles | living-room-tiles | bedroom-tiles | dining-room-tiles | hallway-tiles | drawing-room-tiles | pooja-room-tiles | vitrified-tiles | other-tile-areas,/images/products/fb-novato-saga-white-polish-pvt.webp
169,Enorme Gleam Multi Chips Fog Grey GVT,T31F230000236102,enorme-gleam-multi-chips-fog-grey-gvt,gvt,800x1600 mm,high-gloss,terrazzo,grey,name,,"floors, walls",floor-tiles | wall-tiles | bathroom-tiles | living-room-tiles | bedroom-tiles | dining-room-tiles | drawing-room-tiles | vitrified-tiles,/images/products/enorme-gleam-multi-chips-fog-grey-gvt.webp
170,Enorme IMP Raddix White GVT,T31F230000351102,enorme-imp-raddix-white-gvt,gvt,800x1600 mm,matt,marble,white,name,,"floors, walls",floor-tiles | wall-tiles | living-room-tiles | bedroom-tiles | dining-room-tiles | vitrified-tiles,/images/products/enorme-imp-raddix-white-gvt.webp
171,Enorme IMP Slone Light Grey GVT,T31F230000448102,enorme-imp-slone-light-grey-gvt,gvt,800x1600 mm,matt,marble,grey,name,,"floors, walls",floor-tiles | wall-tiles | living-room-tiles | bedroom-tiles | dining-room-tiles | vitrified-tiles,/images/products/enorme-imp-slone-light-grey-gvt.webp
172,Enorme Impression Livorno Nero CB GVT,T31F230000159102,enorme-impression-livorno-nero-cb-gvt,gvt,800x1600 mm,matt,marble,black,name,,"floors, walls",floor-tiles | wall-tiles | living-room-tiles | bedroom-tiles | dining-room-tiles | vitrified-tiles,/images/products/enorme-impression-livorno-nero-cb-gvt.webp
173,Enorme KS Atlas Bianco FP GVT,T31F230000542102,enorme-ks-atlas-bianco-fp-gvt,gvt,800x1600 mm,polished,marble,white,name,Harmony,"floors, walls",floor-tiles | wall-tiles | bathroom-tiles | living-room-tiles | bedroom-tiles | dining-room-tiles | drawing-room-tiles | pooja-room-tiles | vitrified-tiles,/images/products/enorme-ks-atlas-bianco-fp-gvt.webp
174,Enorme KS Avelino Natural FP GVT,T31F230000567102,enorme-ks-avelino-natural-fp-gvt,gvt,800x1600 mm,polished,marble,beige,name,Harmony,"floors, walls",floor-tiles | wall-tiles | bathroom-tiles | living-room-tiles | bedroom-tiles | dining-room-tiles | drawing-room-tiles | vitrified-tiles,/images/products/enorme-ks-avelino-natural-fp-gvt.webp
175,Enorme KS Avelino Natural Plume GVT,T31F230000589102,enorme-ks-avelino-natural-plume-gvt,gvt,800x1600 mm,matt,marble,beige,name,Harmony,"floors, walls",floor-tiles | wall-tiles | living-room-tiles | bedroom-tiles | dining-room-tiles | vitrified-tiles,/images/products/enorme-ks-avelino-natural-plume-gvt.webp
176,Enorme KS EL Ariela Stvario FP GVT,T31F230000569102,enorme-ks-el-ariela-stvario-fp-gvt,gvt,800x1600 mm,polished,statuario,white,name,Harmony,"floors, walls",floor-tiles | wall-tiles | bathroom-tiles | living-room-tiles | bedroom-tiles | dining-room-tiles | drawing-room-tiles | pooja-room-tiles | vitrified-tiles,/images/products/enorme-ks-el-ariela-stvario-fp-gvt.webp
177,Enorme KS EL Ariela Stvario Plume GVT,T31F230000590102,enorme-ks-el-ariela-stvario-plume-gvt,gvt,800x1600 mm,matt,statuario,white,name,Harmony,"floors, walls",floor-tiles | wall-tiles | living-room-tiles | bedroom-tiles | dining-room-tiles | pooja-room-tiles | vitrified-tiles,/images/products/enorme-ks-el-ariela-stvario-plume-gvt.webp
178,Enorme KS EL Engravo Grao Multi FP GVT,T31F230000586102,enorme-ks-el-engravo-grao-multi-fp-gvt,gvt,800x1600 mm,carving,marble,green,image,Harmony,"floors, walls",floor-tiles | wall-tiles | living-room-tiles | bedroom-tiles | dining-room-tiles | vitrified-tiles,/images/products/enorme-ks-el-engravo-grao-multi-fp-gvt.webp
179,Enorme KS EL Engravo Ortona Taupe FP GVT,T31F230000582102,enorme-ks-el-engravo-ortona-taupe-fp-gvt,gvt,800x1600 mm,carving,marble,beige,name,Harmony,"floors, walls",floor-tiles | wall-tiles | living-room-tiles | bedroom-tiles | dining-room-tiles | vitrified-tiles,/images/products/enorme-ks-el-engravo-ortona-taupe-fp-gvt.webp
180,Enorme KS EL Grao Multi FP GVT,T31F230000546102,enorme-ks-el-grao-multi-fp-gvt,gvt,800x1600 mm,polished,marble,grey,image,Harmony,"floors, walls",floor-tiles | wall-tiles | bathroom-tiles | living-room-tiles | bedroom-tiles | dining-room-tiles | drawing-room-tiles | vitrified-tiles,/images/products/enorme-ks-el-grao-multi-fp-gvt.webp
181,Enorme KS EL IMP Grao Multi GVT,T31F230000547102,enorme-ks-el-imp-grao-multi-gvt,gvt,800x1600 mm,matt,marble,grey,image,Harmony,"floors, walls",floor-tiles | wall-tiles | living-room-tiles | bedroom-tiles | dining-room-tiles | vitrified-tiles,/images/products/enorme-ks-el-imp-grao-multi-gvt.webp
182,Enorme KS EL IMP Modica Ivory GVT,T31F230000575102,enorme-ks-el-imp-modica-ivory-gvt,gvt,800x1600 mm,matt,marble,ivory,name,,"floors, walls",floor-tiles | wall-tiles | living-room-tiles | bedroom-tiles | dining-room-tiles | vitrified-tiles,/images/products/enorme-ks-el-imp-modica-ivory-gvt.webp
183,Enorme KS EL Levigato Ortona Crema LGN GVT,T31F230000591102,enorme-ks-el-levigato-ortona-crema-lgn-gvt,gvt,800x1600 mm,matt,marble,cream,name,Harmony,"floors, walls",floor-tiles | wall-tiles | living-room-tiles | bedroom-tiles | dining-room-tiles | vitrified-tiles,/images/products/enorme-ks-el-levigato-ortona-crema-lgn-gvt.webp
184,Enorme KS EL Levigato Palermo Grey LGN GVT,T31F230000592102,enorme-ks-el-levigato-palermo-grey-lgn-gvt,gvt,800x1600 mm,matt,marble,grey,name,Harmony,"floors, walls",floor-tiles | wall-tiles | living-room-tiles | bedroom-tiles | dining-room-tiles | vitrified-tiles,/images/products/enorme-ks-el-levigato-palermo-grey-lgn-gvt.webp
185,Enorme KS EL Ortona Crema FP GVT,T31F230000552102,enorme-ks-el-ortona-crema-fp-gvt,gvt,800x1600 mm,polished,marble,cream,name,Harmony,"floors, walls",floor-tiles | wall-tiles | bathroom-tiles | living-room-tiles | bedroom-tiles | dining-room-tiles | drawing-room-tiles | vitrified-tiles,/images/products/enorme-ks-el-ortona-crema-fp-gvt.webp
186,Enorme KS EL Ortona Crema Plume GVT,T31F230000587102,enorme-ks-el-ortona-crema-plume-gvt,gvt,800x1600 mm,matt,marble,cream,name,Harmony,"floors, walls",floor-tiles | wall-tiles | living-room-tiles | bedroom-tiles | dining-room-tiles | vitrified-tiles,/images/products/enorme-ks-el-ortona-crema-plume-gvt.webp
187,Enorme KS EL Ortona Silver FP GVT,T31F230000551102,enorme-ks-el-ortona-silver-fp-gvt,gvt,800x1600 mm,polished,marble,grey,name,Harmony,"floors, walls",floor-tiles | wall-tiles | bathroom-tiles | living-room-tiles | bedroom-tiles | dining-room-tiles | drawing-room-tiles | vitrified-tiles,/images/products/enorme-ks-el-ortona-silver-fp-gvt.webp
188,Enorme KS EL Ortona Taupe FP GVT,T31F230000554102,enorme-ks-el-ortona-taupe-fp-gvt,gvt,800x1600 mm,polished,marble,beige,name,Harmony,"floors, walls",floor-tiles | wall-tiles | bathroom-tiles | living-room-tiles | bedroom-tiles | dining-room-tiles | drawing-room-tiles | vitrified-tiles,/images/products/enorme-ks-el-ortona-taupe-fp-gvt.webp
189,Enorme KS EL Palermo Grey FP GVT,T31F230000564102,enorme-ks-el-palermo-grey-fp-gvt,gvt,800x1600 mm,polished,marble,grey,name,Harmony,"floors, walls",floor-tiles | wall-tiles | bathroom-tiles | living-room-tiles | bedroom-tiles | dining-room-tiles | drawing-room-tiles | vitrified-tiles,/images/products/enorme-ks-el-palermo-grey-fp-gvt.webp
190,Enorme KS EL Palermo Grey Plume GVT,T31F230000588102,enorme-ks-el-palermo-grey-plume-gvt,gvt,800x1600 mm,matt,marble,grey,name,Harmony,"floors, walls",floor-tiles | wall-tiles | living-room-tiles | bedroom-tiles | dining-room-tiles | vitrified-tiles,/images/products/enorme-ks-el-palermo-grey-plume-gvt.webp
191,Enorme KS Engravo Atlas Bianco FP GVT,T31F230000585102,enorme-ks-engravo-atlas-bianco-fp-gvt,gvt,800x1600 mm,carving,marble,white,name,Harmony,"floors, walls",floor-tiles | wall-tiles | living-room-tiles | bedroom-tiles | dining-room-tiles | vitrified-tiles,/images/products/enorme-ks-engravo-atlas-bianco-fp-gvt.webp
192,Enorme KS Engravo Torcello Onyx HL FP GVT,T31F230000607102,enorme-ks-engravo-torcello-onyx-hl-fp-gvt,gvt,800x1600 mm,carving,onyx,grey,image,Harmony,walls,wall-tiles | living-room-tiles | vitrified-tiles,/images/products/enorme-ks-engravo-torcello-onyx-hl-fp-gvt.webp
193,Aspire Grande Intaglio Mirabella Bianco GVT,T31F119001485102,aspire-grande-intaglio-mirabella-bianco-gvt,gvt,600x1200 mm,carving,marble,white,name,Aspire,"floors, walls",floor-tiles | wall-tiles | kitchen-tiles | living-room-tiles | bedroom-tiles | dining-room-tiles | hallway-tiles | vitrified-tiles,/images/products/aspire-grande-intaglio-mirabella-bianco-gvt.webp
194,Aspire Grande Intaglio Sicily Crema GVT,T31F119001488102,aspire-grande-intaglio-sicily-crema-gvt,gvt,600x1200 mm,carving,marble,cream,name,Aspire,"floors, walls",floor-tiles | wall-tiles | kitchen-tiles | living-room-tiles | bedroom-tiles | dining-room-tiles | hallway-tiles | vitrified-tiles,/images/products/aspire-grande-intaglio-sicily-crema-gvt.webp
195,Aspire Grande Invatus Grey FP GVT,T31F119001467102,aspire-grande-invatus-grey-fp-gvt,gvt,600x1200 mm,polished,marble,grey,name,Aspire,"floors, walls",floor-tiles | wall-tiles | bathroom-tiles | living-room-tiles | bedroom-tiles | dining-room-tiles | hallway-tiles | drawing-room-tiles | vitrified-tiles,/images/products/aspire-grande-invatus-grey-fp-gvt.webp
196,Aspire Grande Onyx Lucca FP GVT,T31F119001472102,aspire-grande-onyx-lucca-fp-gvt,gvt,600x1200 mm,polished,onyx,grey,image,Aspire,"floors, walls",floor-tiles | wall-tiles | bathroom-tiles | living-room-tiles | bedroom-tiles | dining-room-tiles | hallway-tiles | drawing-room-tiles | vitrified-tiles,/images/products/aspire-grande-onyx-lucca-fp-gvt.webp
197,Aspire KS Grande EL Carrara FP GVT,T31F119002534102,aspire-ks-grande-el-carrara-fp-gvt,gvt,600x1200 mm,polished,carrara,white,name,Aspire,"floors, walls",floor-tiles | wall-tiles | bathroom-tiles | living-room-tiles | bedroom-tiles | dining-room-tiles | hallway-tiles | drawing-room-tiles | vitrified-tiles,/images/products/aspire-ks-grande-el-carrara-fp-gvt.webp
198,Aspire Statuario Select FP GVT,T31F119001978102,aspire-statuario-select-fp-gvt,gvt,600x1200 mm,polished,statuario,white,name,Aspire,"floors, walls",floor-tiles | wall-tiles | bathroom-tiles | living-room-tiles | bedroom-tiles | dining-room-tiles | hallway-tiles | drawing-room-tiles | pooja-room-tiles | vitrified-tiles,/images/products/aspire-statuario-select-fp-gvt.webp
199,FB Dazel Tusk Matt PVT,T23F119000190102,fb-dazel-tusk-matt-pvt,pvt,600x1200 mm,matt,plain,ivory,name,Tech Homogenea,"floors, walls",floor-tiles | wall-tiles | kitchen-tiles | living-room-tiles | bedroom-tiles | dining-room-tiles | hallway-tiles | vitrified-tiles | other-tile-areas,/images/products/fb-dazel-tusk-matt-pvt.webp
200,FB Dusky S&P White Matt PVT,T23F119000193102,fb-dusky-s-p-white-matt-pvt,pvt,600x1200 mm,matt,plain,white,name,Tech Homogenea,"floors, walls",floor-tiles | wall-tiles | kitchen-tiles | living-room-tiles | bedroom-tiles | dining-room-tiles | hallway-tiles | vitrified-tiles | other-tile-areas,/images/products/fb-dusky-s-p-white-matt-pvt.webp
201,FB Vega Butter Stone PVT,T23F119000175102,fb-vega-butter-stone-pvt,pvt,600x1200 mm,matt,stone,cream,name,Tech Homogenea,"floors, walls",floor-tiles | wall-tiles | kitchen-tiles | living-room-tiles | bedroom-tiles | dining-room-tiles | hallway-tiles | vitrified-tiles | other-tile-areas,/images/products/fb-vega-butter-stone-pvt.webp
202,Grande Atlas Beige FP GVT,T31F119001102102,grande-atlas-beige-fp-gvt,gvt,600x1200 mm,polished,marble,beige,name,,"floors, walls",floor-tiles | wall-tiles | bathroom-tiles | living-room-tiles | bedroom-tiles | dining-room-tiles | hallway-tiles | drawing-room-tiles | vitrified-tiles,/images/products/grande-atlas-beige-fp-gvt.webp
203,Grande Atlas Bianco FP GVT,T31F119001438102,grande-atlas-bianco-fp-gvt,gvt,600x1200 mm,polished,marble,white,name,,"floors, walls",floor-tiles | wall-tiles | bathroom-tiles | living-room-tiles | bedroom-tiles | dining-room-tiles | hallway-tiles | drawing-room-tiles | pooja-room-tiles | vitrified-tiles,/images/products/grande-atlas-bianco-fp-gvt.webp
204,Grande Burlwood Brich GVT,T31F119000005102,grande-burlwood-brich-gvt,gvt,600x1200 mm,matt,wooden,brown,name,,"floors, walls",floor-tiles | wall-tiles | kitchen-tiles | living-room-tiles | bedroom-tiles | dining-room-tiles | hallway-tiles | vitrified-tiles,/images/products/grande-burlwood-brich-gvt.webp
205,Grande Caja Falconer Grey Dark GVT,T31F119000820102,grande-caja-falconer-grey-dark-gvt,gvt,600x1200 mm,matt,marble,grey,name,,"floors, walls",floor-tiles | wall-tiles | kitchen-tiles | living-room-tiles | bedroom-tiles | dining-room-tiles | hallway-tiles | vitrified-tiles,/images/products/grande-caja-falconer-grey-dark-gvt.webp
206,Grande Callis Beige FP GVT,T31F119001101102,grande-callis-beige-fp-gvt,gvt,600x1200 mm,polished,marble,beige,name,,"floors, walls",floor-tiles | wall-tiles | bathroom-tiles | living-room-tiles | bedroom-tiles | dining-room-tiles | hallway-tiles | drawing-room-tiles | vitrified-tiles,/images/products/grande-callis-beige-fp-gvt.webp
207,Grande Callis Bianco FP GVT,T31F119001516102,grande-callis-bianco-fp-gvt,gvt,600x1200 mm,polished,marble,white,name,,"floors, walls",floor-tiles | wall-tiles | bathroom-tiles | living-room-tiles | bedroom-tiles | dining-room-tiles | hallway-tiles | drawing-room-tiles | pooja-room-tiles | vitrified-tiles,/images/products/grande-callis-bianco-fp-gvt.webp
208,Grande Callis Dark Grey FP GVT,T31F119001106102,grande-callis-dark-grey-fp-gvt,gvt,600x1200 mm,polished,marble,grey,name,,"floors, walls",floor-tiles | wall-tiles | bathroom-tiles | living-room-tiles | bedroom-tiles | dining-room-tiles | hallway-tiles | drawing-room-tiles | vitrified-tiles,/images/products/grande-callis-dark-grey-fp-gvt.webp
209,Grande Chromat Clay Robusto GVT,T31F119002468102,grande-chromat-clay-robusto-gvt,gvt,600x1200 mm,matt,marble,grey,image,Tesoro,"floors, walls",floor-tiles | wall-tiles | kitchen-tiles | living-room-tiles | bedroom-tiles | dining-room-tiles | hallway-tiles | vitrified-tiles,/images/products/grande-chromat-clay-robusto-gvt.webp
210,Grande Colorato Beige Gritstone MT V1 Slab,T32F119000001102,grande-colorato-beige-gritstone-mt-v1-slab,slab,600x1200 mm,rustic,stone,beige,name,Colorato,"floors, walls",floor-tiles | wall-tiles | kitchen-tiles | living-room-tiles | bedroom-tiles | dining-room-tiles | hallway-tiles | vitrified-tiles | other-tile-areas,/images/products/grande-colorato-beige-gritstone-mt-v1-slab.webp
211,Grande Colorato Bianco Gritstone MT V1 Slab,T32F119000002102,grande-colorato-bianco-gritstone-mt-v1-slab,slab,600x1200 mm,rustic,stone,white,name,Colorato,"floors, walls",floor-tiles | wall-tiles | kitchen-tiles | living-room-tiles | bedroom-tiles | dining-room-tiles | hallway-tiles | vitrified-tiles | other-tile-areas,/images/products/grande-colorato-bianco-gritstone-mt-v1-slab.webp
212,Grande Colorato Blue Gritstone MT V1 Slab,T32F119000007102,grande-colorato-blue-gritstone-mt-v1-slab,slab,600x1200 mm,rustic,stone,blue,name,Colorato,"floors, walls",floor-tiles | wall-tiles | kitchen-tiles | living-room-tiles | bedroom-tiles | dining-room-tiles | hallway-tiles | vitrified-tiles | other-tile-areas,/images/products/grande-colorato-blue-gritstone-mt-v1-slab.webp
213,Grande Colorato Brown Gritstone MT V1 Slab,T32F119000003102,grande-colorato-brown-gritstone-mt-v1-slab,slab,600x1200 mm,rustic,stone,brown,name,Colorato,"floors, walls",floor-tiles | wall-tiles | kitchen-tiles | living-room-tiles | bedroom-tiles | dining-room-tiles | hallway-tiles | vitrified-tiles | other-tile-areas,/images/products/grande-colorato-brown-gritstone-mt-v1-slab.webp
214,Grande Colorato Crema Gritstone MT V1 Slab,T32F119000004102,grande-colorato-crema-gritstone-mt-v1-slab,slab,600x1200 mm,rustic,stone,cream,name,Colorato,"floors, walls",floor-tiles | wall-tiles | kitchen-tiles | living-room-tiles | bedroom-tiles | dining-room-tiles | hallway-tiles | vitrified-tiles | other-tile-areas,/images/products/grande-colorato-crema-gritstone-mt-v1-slab.webp
215,Grande Colorato Green Gritstone MT V1 Slab,T32F119000005102,grande-colorato-green-gritstone-mt-v1-slab,slab,600x1200 mm,rustic,stone,green,name,Colorato,"floors, walls",floor-tiles | wall-tiles | kitchen-tiles | living-room-tiles | bedroom-tiles | dining-room-tiles | hallway-tiles | vitrified-tiles | other-tile-areas,/images/products/grande-colorato-green-gritstone-mt-v1-slab.webp
216,Grande Colorato Grey Gritstone MT V1 Slab,T32F119000008102,grande-colorato-grey-gritstone-mt-v1-slab,slab,600x1200 mm,rustic,stone,grey,name,Colorato,"floors, walls",floor-tiles | wall-tiles | kitchen-tiles | living-room-tiles | bedroom-tiles | dining-room-tiles | hallway-tiles | vitrified-tiles | other-tile-areas,/images/products/grande-colorato-grey-gritstone-mt-v1-slab.webp
217,Grande Colorato Red Gritstone MT V1 Slab,T32F119000006102,grande-colorato-red-gritstone-mt-v1-slab,slab,600x1200 mm,rustic,stone,red,name,Colorato,"floors, walls",floor-tiles | wall-tiles | kitchen-tiles | living-room-tiles | bedroom-tiles | dining-room-tiles | hallway-tiles | vitrified-tiles | other-tile-areas,/images/products/grande-colorato-red-gritstone-mt-v1-slab.webp
218,Grande EL Divinity Ash FP GVT,T31F119001808102,grande-el-divinity-ash-fp-gvt,gvt,600x1200 mm,polished,marble,grey,name,,"floors, walls",floor-tiles | wall-tiles | bathroom-tiles | living-room-tiles | bedroom-tiles | dining-room-tiles | hallway-tiles | drawing-room-tiles | vitrified-tiles,/images/products/grande-el-divinity-ash-fp-gvt.webp
219,Grande EL Lasa Beige FP GVT,T31F119001804102,grande-el-lasa-beige-fp-gvt,gvt,600x1200 mm,polished,marble,beige,name,,"floors, walls",floor-tiles | wall-tiles | bathroom-tiles | living-room-tiles | bedroom-tiles | dining-room-tiles | hallway-tiles | drawing-room-tiles | vitrified-tiles,/images/products/grande-el-lasa-beige-fp-gvt.webp
220,Grande EL Lasa White FP GVT,T31F119001805102,grande-el-lasa-white-fp-gvt,gvt,600x1200 mm,polished,marble,white,name,,"floors, walls",floor-tiles | wall-tiles | bathroom-tiles | living-room-tiles | bedroom-tiles | dining-room-tiles | hallway-tiles | drawing-room-tiles | pooja-room-tiles | vitrified-tiles,/images/products/grande-el-lasa-white-fp-gvt.webp
221,Grande EL Narvik Grey FP GVT,T31F119001865102,grande-el-narvik-grey-fp-gvt,gvt,600x1200 mm,polished,marble,grey,name,,"floors, walls",floor-tiles | wall-tiles | bathroom-tiles | living-room-tiles | bedroom-tiles | dining-room-tiles | hallway-tiles | drawing-room-tiles | vitrified-tiles,/images/products/grande-el-narvik-grey-fp-gvt.webp
222,Grande EL Tanami Gold FP GVT,T31F119001802102,grande-el-tanami-gold-fp-gvt,gvt,600x1200 mm,polished,marble,gold,name,,"floors, walls",floor-tiles | wall-tiles | bathroom-tiles | living-room-tiles | bedroom-tiles | dining-room-tiles | hallway-tiles | drawing-room-tiles | vitrified-tiles,/images/products/grande-el-tanami-gold-fp-gvt.webp
223,Grande EL Zaffiro Grey FP GVT,T31F119001803102,grande-el-zaffiro-grey-fp-gvt,gvt,600x1200 mm,polished,marble,grey,name,,"floors, walls",floor-tiles | wall-tiles | bathroom-tiles | living-room-tiles | bedroom-tiles | dining-room-tiles | hallway-tiles | drawing-room-tiles | vitrified-tiles,/images/products/grande-el-zaffiro-grey-fp-gvt.webp
224,Grande Flos Rosato FP GVT,T31F119001119102,grande-flos-rosato-fp-gvt,gvt,600x1200 mm,polished,floral,pink,name,,"floors, walls",floor-tiles | wall-tiles | bathroom-tiles | living-room-tiles | bedroom-tiles | dining-room-tiles | hallway-tiles | drawing-room-tiles | vitrified-tiles,/images/products/grande-flos-rosato-fp-gvt.webp
225,Grande Gemstone Aqua FP GVT,T31F119000013102,grande-gemstone-aqua-fp-gvt,gvt,600x1200 mm,polished,stone,aqua,name,,"floors, walls",floor-tiles | wall-tiles | bathroom-tiles | living-room-tiles | bedroom-tiles | dining-room-tiles | hallway-tiles | drawing-room-tiles | vitrified-tiles,/images/products/grande-gemstone-aqua-fp-gvt.webp
226,Grande Glacier White FP GVT,T31F119000047102,grande-glacier-white-fp-gvt,gvt,600x1200 mm,polished,marble,white,name,,"floors, walls",floor-tiles | wall-tiles | bathroom-tiles | living-room-tiles | bedroom-tiles | dining-room-tiles | hallway-tiles | drawing-room-tiles | pooja-room-tiles | vitrified-tiles,/images/products/grande-glacier-white-fp-gvt.webp
227,Grande IMP Avallon Grey Decor GVT,T31F119001811102,grande-imp-avallon-grey-decor-gvt,gvt,600x1200 mm,matt,highlighter,grey,name,,"floors, walls",floor-tiles | wall-tiles | kitchen-tiles | living-room-tiles | bedroom-tiles | dining-room-tiles | hallway-tiles | vitrified-tiles,/images/products/grande-imp-avallon-grey-decor-gvt.webp
228,Grande IMP Camus Dark Grey GVT,T31F119001263102,grande-imp-camus-dark-grey-gvt,gvt,600x1200 mm,matt,marble,grey,name,,"floors, walls",floor-tiles | wall-tiles | kitchen-tiles | living-room-tiles | bedroom-tiles | dining-room-tiles | hallway-tiles | vitrified-tiles,/images/products/grande-imp-camus-dark-grey-gvt.webp
229,Grande IMP Couvet Light GVT,T31F119001818102,grande-imp-couvet-light-gvt,gvt,600x1200 mm,matt,marble,white,image,,"floors, walls",floor-tiles | wall-tiles | kitchen-tiles | living-room-tiles | bedroom-tiles | dining-room-tiles | hallway-tiles | vitrified-tiles,/images/products/grande-imp-couvet-light-gvt.webp
230,Grande IMP Drago Grey Dark GVT,T31F119001130102,grande-imp-drago-grey-dark-gvt,gvt,600x1200 mm,matt,marble,grey,name,,"floors, walls",floor-tiles | wall-tiles | kitchen-tiles | living-room-tiles | bedroom-tiles | dining-room-tiles | hallway-tiles | vitrified-tiles,/images/products/grande-imp-drago-grey-dark-gvt.webp
231,Grande IMP Drago Grey Light GVT,T31F119001125102,grande-imp-drago-grey-light-gvt,gvt,600x1200 mm,matt,marble,grey,name,,"floors, walls",floor-tiles | wall-tiles | kitchen-tiles | living-room-tiles | bedroom-tiles | dining-room-tiles | hallway-tiles | vitrified-tiles,/images/products/grande-imp-drago-grey-light-gvt.webp
232,Grande IMP Earlena Coffee GVT,T31F119001254102,grande-imp-earlena-coffee-gvt,gvt,600x1200 mm,matt,marble,brown,name,,"floors, walls",floor-tiles | wall-tiles | kitchen-tiles | living-room-tiles | bedroom-tiles | dining-room-tiles | hallway-tiles | vitrified-tiles,/images/products/grande-imp-earlena-coffee-gvt.webp
233,Grande IMP Earlena Crema GVT,T31F119001253102,grande-imp-earlena-crema-gvt,gvt,600x1200 mm,matt,marble,cream,name,,"floors, walls",floor-tiles | wall-tiles | kitchen-tiles | living-room-tiles | bedroom-tiles | dining-room-tiles | hallway-tiles | vitrified-tiles,/images/products/grande-imp-earlena-crema-gvt.webp
234,Grande IMP Irish Brown GVT,T31F119001261102,grande-imp-irish-brown-gvt,gvt,600x1200 mm,matt,marble,brown,name,,"floors, walls",floor-tiles | wall-tiles | kitchen-tiles | living-room-tiles | bedroom-tiles | dining-room-tiles | hallway-tiles | vitrified-tiles,/images/products/grande-imp-irish-brown-gvt.webp
235,Grande IMP Irish Crema GVT,T31F119001260102,grande-imp-irish-crema-gvt,gvt,600x1200 mm,matt,marble,cream,name,,"floors, walls",floor-tiles | wall-tiles | kitchen-tiles | living-room-tiles | bedroom-tiles | dining-room-tiles | hallway-tiles | vitrified-tiles,/images/products/grande-imp-irish-crema-gvt.webp
236,Grande IMP Traesa Gold GVT,T31F119000957102,grande-imp-traesa-gold-gvt,gvt,600x1200 mm,matt,marble,gold,name,,"floors, walls",floor-tiles | wall-tiles | kitchen-tiles | living-room-tiles | bedroom-tiles | dining-room-tiles | hallway-tiles | vitrified-tiles,/images/products/grande-imp-traesa-gold-gvt.webp
237,Grande IMP Vardar Crema GVT,T31F119001812102,grande-imp-vardar-crema-gvt,gvt,600x1200 mm,matt,marble,cream,name,,"floors, walls",floor-tiles | wall-tiles | kitchen-tiles | living-room-tiles | bedroom-tiles | dining-room-tiles | hallway-tiles | vitrified-tiles,/images/products/grande-imp-vardar-crema-gvt.webp
238,Grande IMP Vardar Crema Decor GVT,T31F119001813102,grande-imp-vardar-crema-decor-gvt,gvt,600x1200 mm,matt,highlighter,cream,name,,"floors, walls",floor-tiles | wall-tiles | kitchen-tiles | living-room-tiles | bedroom-tiles | dining-room-tiles | hallway-tiles | vitrified-tiles,/images/products/grande-imp-vardar-crema-decor-gvt.webp
239,Grande IMP Wailea Grey Decor GVT,T31F119001428102,grande-imp-wailea-grey-decor-gvt,gvt,600x1200 mm,matt,highlighter,grey,name,Valor,"floors, walls",floor-tiles | wall-tiles | kitchen-tiles | living-room-tiles | bedroom-tiles | dining-room-tiles | hallway-tiles | vitrified-tiles,/images/products/grande-imp-wailea-grey-decor-gvt.webp
240,Grande Irish Bianco FP GVT,T31F119001444102,grande-irish-bianco-fp-gvt,gvt,600x1200 mm,polished,marble,white,name,,"floors, walls",floor-tiles | wall-tiles | bathroom-tiles | living-room-tiles | bedroom-tiles | dining-room-tiles | hallway-tiles | drawing-room-tiles | pooja-room-tiles | vitrified-tiles,/images/products/grande-irish-bianco-fp-gvt.webp
241,FB Vega Butter Matt PVT,T23F119000173102,fb-vega-butter-matt-pvt,pvt,600x1200 mm,matt,plain,cream,name,Tech Homogenea,"floors, walls",floor-tiles | wall-tiles | kitchen-tiles | living-room-tiles | bedroom-tiles | dining-room-tiles | hallway-tiles | vitrified-tiles | other-tile-areas,/images/products/fb-vega-butter-matt-pvt.webp
242,FB Vega Butter Polish PVT,T23F119000174102,fb-vega-butter-polish-pvt,pvt,600x1200 mm,polished,marble,cream,name,Tech Homogenea,"floors, walls",floor-tiles | wall-tiles | bathroom-tiles | living-room-tiles | bedroom-tiles | dining-room-tiles | hallway-tiles | drawing-room-tiles | vitrified-tiles | other-tile-areas,/images/products/fb-vega-butter-polish-pvt.webp
243,FB Vega White Polish PVT,T23F119000185102,fb-vega-white-polish-pvt,pvt,600x1200 mm,polished,marble,white,name,Tech Homogenea,"floors, walls",floor-tiles | wall-tiles | bathroom-tiles | living-room-tiles | bedroom-tiles | dining-room-tiles | hallway-tiles | drawing-room-tiles | pooja-room-tiles | vitrified-tiles | other-tile-areas,/images/products/fb-vega-white-polish-pvt.webp
244,Gros Stone Almond Polish PVT,T23F230000007102,gros-stone-almond-polish-pvt,pvt,800x1600 mm,polished,stone,beige,name,Tech Homogenea,"floors, walls",floor-tiles | wall-tiles | bathroom-tiles | living-room-tiles | bedroom-tiles | dining-room-tiles | hallway-tiles | drawing-room-tiles | vitrified-tiles | other-tile-areas,/images/products/gros-stone-almond-polish-pvt.webp
245,Gros Stone Freeze White Polish PVT,T23F230000045102,gros-stone-freeze-white-polish-pvt,pvt,800x1600 mm,polished,stone,white,name,Tech Homogenea,"floors, walls",floor-tiles | wall-tiles | bathroom-tiles | living-room-tiles | bedroom-tiles | dining-room-tiles | hallway-tiles | drawing-room-tiles | vitrified-tiles | other-tile-areas,/images/products/gros-stone-freeze-white-polish-pvt.webp
246,Gros Stone Grey Matt PVT,T23F119000186102,gros-stone-grey-matt-pvt,pvt,600x1200 mm,matt,stone,grey,name,Tech Homogenea,"floors, walls",floor-tiles | wall-tiles | kitchen-tiles | living-room-tiles | bedroom-tiles | dining-room-tiles | hallway-tiles | vitrified-tiles | other-tile-areas,/images/products/gros-stone-grey-matt-pvt.webp
247,Gros Stone Grey Polish PVT,T23F119000187102,gros-stone-grey-polish-pvt,pvt,600x1200 mm,polished,stone,grey,name,Tech Homogenea,"floors, walls",floor-tiles | wall-tiles | bathroom-tiles | living-room-tiles | bedroom-tiles | dining-room-tiles | hallway-tiles | drawing-room-tiles | vitrified-tiles | other-tile-areas,/images/products/gros-stone-grey-polish-pvt.webp
248,Gros Stone Nero Polish PVT,T23F230000006102,gros-stone-nero-polish-pvt,pvt,800x1600 mm,polished,stone,black,name,Tech Homogenea,"floors, walls",floor-tiles | wall-tiles | bathroom-tiles | living-room-tiles | bedroom-tiles | dining-room-tiles | hallway-tiles | drawing-room-tiles | vitrified-tiles | other-tile-areas,/images/products/gros-stone-nero-polish-pvt.webp
249,Gros Stone Super White Matt PVT,T23F119000188102,gros-stone-super-white-matt-pvt,pvt,600x1200 mm,matt,stone,white,name,Tech Homogenea,"floors, walls",floor-tiles | wall-tiles | kitchen-tiles | living-room-tiles | bedroom-tiles | dining-room-tiles | hallway-tiles | vitrified-tiles | other-tile-areas,/images/products/gros-stone-super-white-matt-pvt.webp
250,Gros Stone Super White Polish PVT,T23F230000009102,gros-stone-super-white-polish-pvt,pvt,800x1600 mm,polished,stone,white,name,Tech Homogenea,"floors, walls",floor-tiles | wall-tiles | bathroom-tiles | living-room-tiles | bedroom-tiles | dining-room-tiles | hallway-tiles | drawing-room-tiles | vitrified-tiles | other-tile-areas,/images/products/gros-stone-super-white-polish-pvt.webp
251,Aeron Aurea Beige GVT,T31F119002124102,aeron-aurea-beige-gvt,gvt,600x1200 mm,matt,marble,beige,name,Tesoro,"floors, walls",floor-tiles | wall-tiles | kitchen-tiles | living-room-tiles | bedroom-tiles | dining-room-tiles | hallway-tiles | vitrified-tiles,/images/products/aeron-aurea-beige-gvt.webp
252,Aeron Aurea Olive GVT,T31F119002126102,aeron-aurea-olive-gvt,gvt,600x1200 mm,matt,marble,gold,name,Tesoro,"floors, walls",floor-tiles | wall-tiles | kitchen-tiles | living-room-tiles | bedroom-tiles | dining-room-tiles | hallway-tiles | vitrified-tiles,/images/products/aeron-aurea-olive-gvt.webp
253,Aspire Grande 3D Cuboid Blue FP GVT,T31F119001447102,aspire-grande-3d-cuboid-blue-fp-gvt,gvt,600x1200 mm,polished,3d,blue,name,Aspire,"floors, walls",floor-tiles | wall-tiles | bathroom-tiles | living-room-tiles | bedroom-tiles | dining-room-tiles | hallway-tiles | drawing-room-tiles | vitrified-tiles,/images/products/aspire-grande-3d-cuboid-blue-fp-gvt.webp
254,Aspire Grande Amadus Grey FP GVT,T31F119001493102,aspire-grande-amadus-grey-fp-gvt,gvt,600x1200 mm,polished,marble,grey,name,Aspire,"floors, walls",floor-tiles | wall-tiles | bathroom-tiles | living-room-tiles | bedroom-tiles | dining-room-tiles | hallway-tiles | drawing-room-tiles | vitrified-tiles,/images/products/aspire-grande-amadus-grey-fp-gvt.webp
255,Aspire Grande Armani Sepiya FP GVT,T31F119001621102,aspire-grande-armani-sepiya-fp-gvt,gvt,600x1200 mm,polished,marble,beige,image,Aspire,"floors, walls",floor-tiles | wall-tiles | bathroom-tiles | living-room-tiles | bedroom-tiles | dining-room-tiles | hallway-tiles | drawing-room-tiles | vitrified-tiles,/images/products/aspire-grande-armani-sepiya-fp-gvt.webp
256,Aspire Grande Cavalor Ash FP GVT,T31F119001452102,aspire-grande-cavalor-ash-fp-gvt,gvt,600x1200 mm,polished,marble,grey,name,Aspire,"floors, walls",floor-tiles | wall-tiles | bathroom-tiles | living-room-tiles | bedroom-tiles | dining-room-tiles | hallway-tiles | drawing-room-tiles | vitrified-tiles,/images/products/aspire-grande-cavalor-ash-fp-gvt.webp
257,Aspire Grande Delmonte Silver FP GVT,T31F119001456102,aspire-grande-delmonte-silver-fp-gvt,gvt,600x1200 mm,polished,marble,grey,name,Aspire,"floors, walls",floor-tiles | wall-tiles | bathroom-tiles | living-room-tiles | bedroom-tiles | dining-room-tiles | hallway-tiles | drawing-room-tiles | vitrified-tiles,/images/products/aspire-grande-delmonte-silver-fp-gvt.webp
258,Aspire Grande EL Castle Crema FP GVT,T31F119001458102,aspire-grande-el-castle-crema-fp-gvt,gvt,600x1200 mm,polished,marble,cream,name,Aspire,"floors, walls",floor-tiles | wall-tiles | bathroom-tiles | living-room-tiles | bedroom-tiles | dining-room-tiles | hallway-tiles | drawing-room-tiles | vitrified-tiles,/images/products/aspire-grande-el-castle-crema-fp-gvt.webp
259,Aspire Grande EL Mars Grey FP GVT,T31F119001460102,aspire-grande-el-mars-grey-fp-gvt,gvt,600x1200 mm,polished,marble,grey,name,Aspire,"floors, walls",floor-tiles | wall-tiles | bathroom-tiles | living-room-tiles | bedroom-tiles | dining-room-tiles | hallway-tiles | drawing-room-tiles | vitrified-tiles,/images/products/aspire-grande-el-mars-grey-fp-gvt.webp
260,Aspire Grande EL Onyx Ice FP GVT,T31F119001462102,aspire-grande-el-onyx-ice-fp-gvt,gvt,600x1200 mm,polished,onyx,white,name,Aspire,"floors, walls",floor-tiles | wall-tiles | bathroom-tiles | living-room-tiles | bedroom-tiles | dining-room-tiles | hallway-tiles | drawing-room-tiles | pooja-room-tiles | vitrified-tiles,/images/products/aspire-grande-el-onyx-ice-fp-gvt.webp
261,Aspire Grande EL Oro Grey FP GVT,T31F119001463102,aspire-grande-el-oro-grey-fp-gvt,gvt,600x1200 mm,polished,marble,grey,name,Aspire,"floors, walls",floor-tiles | wall-tiles | bathroom-tiles | living-room-tiles | bedroom-tiles | dining-room-tiles | hallway-tiles | drawing-room-tiles | vitrified-tiles,/images/products/aspire-grande-el-oro-grey-fp-gvt.webp
262,Aspire Grande EL Oro Natural FP GVT,T31F119001464102,aspire-grande-el-oro-natural-fp-gvt,gvt,600x1200 mm,polished,marble,gold,name,Aspire,"floors, walls",floor-tiles | wall-tiles | bathroom-tiles | living-room-tiles | bedroom-tiles | dining-room-tiles | hallway-tiles | drawing-room-tiles | vitrified-tiles,/images/products/aspire-grande-el-oro-natural-fp-gvt.webp
263,Aspire Grande EL Pelugia Grey FP GVT,T31F119001465102,aspire-grande-el-pelugia-grey-fp-gvt,gvt,600x1200 mm,polished,marble,grey,name,Aspire,"floors, walls",floor-tiles | wall-tiles | bathroom-tiles | living-room-tiles | bedroom-tiles | dining-room-tiles | hallway-tiles | drawing-room-tiles | vitrified-tiles,/images/products/aspire-grande-el-pelugia-grey-fp-gvt.webp
264,Aspire Grande Intaglio Atlantic Gold GVT,T31F119001518102,aspire-grande-intaglio-atlantic-gold-gvt,gvt,600x1200 mm,carving,marble,gold,name,Aspire,"floors, walls",floor-tiles | wall-tiles | kitchen-tiles | living-room-tiles | bedroom-tiles | dining-room-tiles | hallway-tiles | vitrified-tiles,/images/products/aspire-grande-intaglio-atlantic-gold-gvt.webp
265,Grande Repliq Engravo Coliseum LT. Grey GVT,T31F119001392102,grande-repliq-engravo-coliseum-lt-grey-gvt,gvt,600x1200 mm,carving,marble,grey,name,Tesoro,"floors, walls",floor-tiles | wall-tiles | kitchen-tiles | living-room-tiles | bedroom-tiles | dining-room-tiles | hallway-tiles | vitrified-tiles,/images/products/grande-repliq-engravo-coliseum-lt-grey-gvt.webp
266,Grande Repliq Gavin Crema FP GVT,T31F119001373102,grande-repliq-gavin-crema-fp-gvt,gvt,600x1200 mm,polished,marble,cream,name,Tesoro,"floors, walls",floor-tiles | wall-tiles | bathroom-tiles | living-room-tiles | bedroom-tiles | dining-room-tiles | hallway-tiles | drawing-room-tiles | vitrified-tiles,/images/products/grande-repliq-gavin-crema-fp-gvt.webp
267,Grande Repliq Nevica Crema FP GVT,T31F119001377102,grande-repliq-nevica-crema-fp-gvt,gvt,600x1200 mm,polished,marble,cream,name,Tesoro,"floors, walls",floor-tiles | wall-tiles | bathroom-tiles | living-room-tiles | bedroom-tiles | dining-room-tiles | hallway-tiles | drawing-room-tiles | vitrified-tiles,/images/products/grande-repliq-nevica-crema-fp-gvt.webp
268,Grande Rosso Pezzato FP GVT,T31F119000018102,grande-rosso-pezzato-fp-gvt,gvt,600x1200 mm,polished,marble,red,name,,"floors, walls",floor-tiles | wall-tiles | bathroom-tiles | living-room-tiles | bedroom-tiles | dining-room-tiles | hallway-tiles | drawing-room-tiles | vitrified-tiles,/images/products/grande-rosso-pezzato-fp-gvt.webp
269,Grande Rubino Onix Red FP GVT,T31F119000930102,grande-rubino-onix-red-fp-gvt,gvt,600x1200 mm,polished,onyx,red,name,Tesoro,"floors, walls",floor-tiles | wall-tiles | bathroom-tiles | living-room-tiles | bedroom-tiles | dining-room-tiles | hallway-tiles | drawing-room-tiles | vitrified-tiles,/images/products/grande-rubino-onix-red-fp-gvt.webp
270,Grande Slimker Bovet Beige GVT,T31F119002138102,grande-slimker-bovet-beige-gvt,gvt,600x1200 mm,matt,marble,beige,name,Slimker,"floors, walls",floor-tiles | wall-tiles | kitchen-tiles | living-room-tiles | bedroom-tiles | dining-room-tiles | hallway-tiles | vitrified-tiles,/images/products/grande-slimker-bovet-beige-gvt.webp
271,Grande Slimker Citrine Beige FP GVT,T31F119002134102,grande-slimker-citrine-beige-fp-gvt,gvt,600x1200 mm,polished,marble,beige,name,Slimker,"floors, walls",floor-tiles | wall-tiles | bathroom-tiles | living-room-tiles | bedroom-tiles | dining-room-tiles | hallway-tiles | drawing-room-tiles | vitrified-tiles,/images/products/grande-slimker-citrine-beige-fp-gvt.webp
272,Grande Slimker Citrine Brown FP GVT,T31F119002135102,grande-slimker-citrine-brown-fp-gvt,gvt,600x1200 mm,polished,marble,brown,name,Slimker,"floors, walls",floor-tiles | wall-tiles | bathroom-tiles | living-room-tiles | bedroom-tiles | dining-room-tiles | hallway-tiles | drawing-room-tiles | vitrified-tiles,/images/products/grande-slimker-citrine-brown-fp-gvt.webp
273,Grande Slimker Granita Light GVT,T31F119002137102,grande-slimker-granita-light-gvt,gvt,600x1200 mm,matt,granite,grey,image,Slimker,"floors, walls",floor-tiles | wall-tiles | kitchen-tiles | living-room-tiles | bedroom-tiles | dining-room-tiles | hallway-tiles | vitrified-tiles,/images/products/grande-slimker-granita-light-gvt.webp
274,Grande Slimker Oris Grey Dark GVT,T31F119002146102,grande-slimker-oris-grey-dark-gvt,gvt,600x1200 mm,matt,marble,grey,name,Slimker,"floors, walls",floor-tiles | wall-tiles | kitchen-tiles | living-room-tiles | bedroom-tiles | dining-room-tiles | hallway-tiles | vitrified-tiles,/images/products/grande-slimker-oris-grey-dark-gvt.webp
275,Grande Slimker Sezane Grey Dark GVT,T31F119002144102,grande-slimker-sezane-grey-dark-gvt,gvt,600x1200 mm,matt,marble,grey,name,Slimker,"floors, walls",floor-tiles | wall-tiles | kitchen-tiles | living-room-tiles | bedroom-tiles | dining-room-tiles | hallway-tiles | vitrified-tiles,/images/products/grande-slimker-sezane-grey-dark-gvt.webp
276,Grande Slimker Vivier Brown GVT,T31F119002149102,grande-slimker-vivier-brown-gvt,gvt,600x1200 mm,matt,marble,brown,name,Slimker,"floors, walls",floor-tiles | wall-tiles | kitchen-tiles | living-room-tiles | bedroom-tiles | dining-room-tiles | hallway-tiles | vitrified-tiles,/images/products/grande-slimker-vivier-brown-gvt.webp
277,Grande Statuario Select FP GVT,T31F119001291102,grande-statuario-select-fp-gvt,gvt,600x1200 mm,polished,statuario,white,name,,"floors, walls",floor-tiles | wall-tiles | bathroom-tiles | living-room-tiles | bedroom-tiles | dining-room-tiles | hallway-tiles | drawing-room-tiles | pooja-room-tiles | vitrified-tiles,/images/products/grande-statuario-select-fp-gvt.webp
278,Grande Statuario Venato FP GVT,T31F119001110102,grande-statuario-venato-fp-gvt,gvt,600x1200 mm,polished,statuario,white,name,,"floors, walls",floor-tiles | wall-tiles | bathroom-tiles | living-room-tiles | bedroom-tiles | dining-room-tiles | hallway-tiles | drawing-room-tiles | pooja-room-tiles | vitrified-tiles,/images/products/grande-statuario-venato-fp-gvt.webp
279,Grande Staturio FP GVT,T31F119000019102,grande-staturio-fp-gvt,gvt,600x1200 mm,polished,statuario,white,name,,"floors, walls",floor-tiles | wall-tiles | bathroom-tiles | living-room-tiles | bedroom-tiles | dining-room-tiles | hallway-tiles | drawing-room-tiles | pooja-room-tiles | vitrified-tiles,/images/products/grande-staturio-fp-gvt.webp
280,Grande Staturio VC GVT,T31F119000112102,grande-staturio-vc-gvt,gvt,600x1200 mm,matt,statuario,white,name,,"floors, walls",floor-tiles | wall-tiles | kitchen-tiles | living-room-tiles | bedroom-tiles | dining-room-tiles | hallway-tiles | pooja-room-tiles | vitrified-tiles,/images/products/grande-staturio-vc-gvt.webp
281,Grande Stylos Flavio Statuario FP GVT,T31F119000400102,grande-stylos-flavio-statuario-fp-gvt,gvt,600x1200 mm,polished,statuario,white,name,,"floors, walls",floor-tiles | wall-tiles | bathroom-tiles | living-room-tiles | bedroom-tiles | dining-room-tiles | hallway-tiles | drawing-room-tiles | pooja-room-tiles | vitrified-tiles,/images/products/grande-stylos-flavio-statuario-fp-gvt.webp
282,Grande Suave Wood Brown GVT,T31F119001148102,grande-suave-wood-brown-gvt,gvt,600x1200 mm,matt,wooden,brown,name,,"floors, walls",floor-tiles | wall-tiles | kitchen-tiles | living-room-tiles | bedroom-tiles | dining-room-tiles | hallway-tiles | vitrified-tiles,/images/products/grande-suave-wood-brown-gvt.webp
283,Grande Textus Aqua ET GLS GVT,T31F119002471102,grande-textus-aqua-et-gls-gvt,gvt,600x1200 mm,matt,marble,aqua,name,Eternastone,"floors, walls",floor-tiles | wall-tiles | kitchen-tiles | living-room-tiles | bedroom-tiles | dining-room-tiles | hallway-tiles | vitrified-tiles,/images/products/grande-textus-aqua-et-gls-gvt.webp
284,Grande Valor Armani Grey FP GVT,T31F119000444102,grande-valor-armani-grey-fp-gvt,gvt,600x1200 mm,polished,marble,grey,name,Valor,"floors, walls",floor-tiles | wall-tiles | bathroom-tiles | living-room-tiles | bedroom-tiles | dining-room-tiles | hallway-tiles | drawing-room-tiles | vitrified-tiles,/images/products/grande-valor-armani-grey-fp-gvt.webp
285,Grande Valor Brillar Dark FP GVT,T31F119000498102,grande-valor-brillar-dark-fp-gvt,gvt,600x1200 mm,polished,marble,grey,image,Valor,"floors, walls",floor-tiles | wall-tiles | bathroom-tiles | living-room-tiles | bedroom-tiles | dining-room-tiles | hallway-tiles | drawing-room-tiles | vitrified-tiles,/images/products/grande-valor-brillar-dark-fp-gvt.webp
286,Grande Valor Callis Dark Grey FP GVT,T31F119000459102,grande-valor-callis-dark-grey-fp-gvt,gvt,600x1200 mm,polished,marble,grey,name,Valor,"floors, walls",floor-tiles | wall-tiles | bathroom-tiles | living-room-tiles | bedroom-tiles | dining-room-tiles | hallway-tiles | drawing-room-tiles | vitrified-tiles,/images/products/grande-valor-callis-dark-grey-fp-gvt.webp
287,Grande Valor Claudia White FP GVT,T31F119000518102,grande-valor-claudia-white-fp-gvt,gvt,600x1200 mm,polished,marble,white,name,Valor,"floors, walls",floor-tiles | wall-tiles | bathroom-tiles | living-room-tiles | bedroom-tiles | dining-room-tiles | hallway-tiles | drawing-room-tiles | pooja-room-tiles | vitrified-tiles,/images/products/grande-valor-claudia-white-fp-gvt.webp
288,Grande Valor Claudia White VC GVT,T31F119002435102,grande-valor-claudia-white-vc-gvt,gvt,600x1200 mm,matt,marble,white,name,Valor,"floors, walls",floor-tiles | wall-tiles | kitchen-tiles | living-room-tiles | bedroom-tiles | dining-room-tiles | hallway-tiles | vitrified-tiles,/images/products/grande-valor-claudia-white-vc-gvt.webp
289,Grande Irish Brown FP GVT,T31F119001285102,grande-irish-brown-fp-gvt,gvt,600x1200 mm,polished,marble,brown,name,,"floors, walls",floor-tiles | wall-tiles | bathroom-tiles | living-room-tiles | bedroom-tiles | dining-room-tiles | hallway-tiles | drawing-room-tiles | vitrified-tiles,/images/products/grande-irish-brown-fp-gvt.webp
290,Grande Irish Crema FP GVT,T31F119001284102,grande-irish-crema-fp-gvt,gvt,600x1200 mm,polished,marble,cream,name,,"floors, walls",floor-tiles | wall-tiles | bathroom-tiles | living-room-tiles | bedroom-tiles | dining-room-tiles | hallway-tiles | drawing-room-tiles | vitrified-tiles,/images/products/grande-irish-crema-fp-gvt.webp
291,Grande King Wood Pine GVT,T31F119000089102,grande-king-wood-pine-gvt,gvt,600x1200 mm,matt,wooden,grey,image,Digital GVT,"floors, walls",floor-tiles | wall-tiles | kitchen-tiles | living-room-tiles | bedroom-tiles | dining-room-tiles | hallway-tiles | vitrified-tiles,/images/products/grande-king-wood-pine-gvt.webp
292,Grande Lava Beige GVT,T31F119000058102,grande-lava-beige-gvt,gvt,600x1200 mm,matt,stone,beige,name,,"floors, walls",floor-tiles | wall-tiles | kitchen-tiles | living-room-tiles | bedroom-tiles | dining-room-tiles | hallway-tiles | vitrified-tiles,/images/products/grande-lava-beige-gvt.webp
293,Grande Levigato Tosco Coffee GVT,T31F119000309102,grande-levigato-tosco-coffee-gvt,gvt,600x1200 mm,matt,marble,brown,name,,"floors, walls",floor-tiles | wall-tiles | kitchen-tiles | living-room-tiles | bedroom-tiles | dining-room-tiles | hallway-tiles | vitrified-tiles,/images/products/grande-levigato-tosco-coffee-gvt.webp
294,Grande Liston Beige GVT,T31F119000368102,grande-liston-beige-gvt,gvt,600x1200 mm,matt,marble,beige,name,,"floors, walls",floor-tiles | wall-tiles | kitchen-tiles | living-room-tiles | bedroom-tiles | dining-room-tiles | hallway-tiles | vitrified-tiles,/images/products/grande-liston-beige-gvt.webp
295,Grande Liston Light Grey GVT,T31F119001143102,grande-liston-light-grey-gvt,gvt,600x1200 mm,matt,marble,grey,name,,"floors, walls",floor-tiles | wall-tiles | kitchen-tiles | living-room-tiles | bedroom-tiles | dining-room-tiles | hallway-tiles | vitrified-tiles,/images/products/grande-liston-light-grey-gvt.webp
296,Grande Lucido Allegra Teal GVT,T31F119001302102,grande-lucido-allegra-teal-gvt,gvt,600x1200 mm,high-gloss,marble,aqua,name,,"floors, walls",floor-tiles | wall-tiles | bathroom-tiles | living-room-tiles | bedroom-tiles | dining-room-tiles | hallway-tiles | drawing-room-tiles | vitrified-tiles,/images/products/grande-lucido-allegra-teal-gvt.webp
297,Grande Lucido Armani Brown GVT,T31F119001138102,grande-lucido-armani-brown-gvt,gvt,600x1200 mm,high-gloss,marble,brown,name,,"floors, walls",floor-tiles | wall-tiles | bathroom-tiles | living-room-tiles | bedroom-tiles | dining-room-tiles | hallway-tiles | drawing-room-tiles | vitrified-tiles,/images/products/grande-lucido-armani-brown-gvt.webp
298,Grande Lucido Cimbom Teal GVT,T31F119001160102,grande-lucido-cimbom-teal-gvt,gvt,600x1200 mm,high-gloss,marble,aqua,name,,"floors, walls",floor-tiles | wall-tiles | bathroom-tiles | living-room-tiles | bedroom-tiles | dining-room-tiles | hallway-tiles | drawing-room-tiles | vitrified-tiles,/images/products/grande-lucido-cimbom-teal-gvt.webp
299,Grande Lucido Marshal Black GVT,T31F119001153102,grande-lucido-marshal-black-gvt,gvt,600x1200 mm,high-gloss,marble,black,name,,"floors, walls",floor-tiles | wall-tiles | bathroom-tiles | living-room-tiles | bedroom-tiles | dining-room-tiles | hallway-tiles | drawing-room-tiles | vitrified-tiles,/images/products/grande-lucido-marshal-black-gvt.webp
300,Grande Lucido Provenza Aqua GVT,T31F119002491102,grande-lucido-provenza-aqua-gvt,gvt,600x1200 mm,high-gloss,marble,aqua,name,,"floors, walls",floor-tiles | wall-tiles | bathroom-tiles | living-room-tiles | bedroom-tiles | dining-room-tiles | hallway-tiles | drawing-room-tiles | vitrified-tiles,/images/products/grande-lucido-provenza-aqua-gvt.webp
301,Grande Lucido Provenza Grey GVT,T31F119002492102,grande-lucido-provenza-grey-gvt,gvt,600x1200 mm,high-gloss,marble,grey,name,,"floors, walls",floor-tiles | wall-tiles | bathroom-tiles | living-room-tiles | bedroom-tiles | dining-room-tiles | hallway-tiles | drawing-room-tiles | vitrified-tiles,/images/products/grande-lucido-provenza-grey-gvt.webp
302,Grande Navonna Beige FP GVT,T31F119001109102,grande-navonna-beige-fp-gvt,gvt,600x1200 mm,polished,marble,beige,name,,"floors, walls",floor-tiles | wall-tiles | bathroom-tiles | living-room-tiles | bedroom-tiles | dining-room-tiles | hallway-tiles | drawing-room-tiles | vitrified-tiles,/images/products/grande-navonna-beige-fp-gvt.webp
303,Grande Parision Ivory FP GVT,T31F119001107102,grande-parision-ivory-fp-gvt,gvt,600x1200 mm,polished,marble,ivory,name,,"floors, walls",floor-tiles | wall-tiles | bathroom-tiles | living-room-tiles | bedroom-tiles | dining-room-tiles | hallway-tiles | drawing-room-tiles | vitrified-tiles,/images/products/grande-parision-ivory-fp-gvt.webp
304,Grande Plume Vermion Beige GVT,T31F119002441102,grande-plume-vermion-beige-gvt,gvt,600x1200 mm,matt,marble,beige,name,Harmony,"floors, walls",floor-tiles | wall-tiles | kitchen-tiles | living-room-tiles | bedroom-tiles | dining-room-tiles | hallway-tiles | vitrified-tiles,/images/products/grande-plume-vermion-beige-gvt.webp
305,Grande Plume Vermion Crema GVT,T31F119002442102,grande-plume-vermion-crema-gvt,gvt,600x1200 mm,matt,marble,cream,name,Harmony,"floors, walls",floor-tiles | wall-tiles | kitchen-tiles | living-room-tiles | bedroom-tiles | dining-room-tiles | hallway-tiles | vitrified-tiles,/images/products/grande-plume-vermion-crema-gvt.webp
306,Grande Plume Vermion Grey GVT,T31F119002443102,grande-plume-vermion-grey-gvt,gvt,600x1200 mm,matt,marble,grey,name,Harmony,"floors, walls",floor-tiles | wall-tiles | kitchen-tiles | living-room-tiles | bedroom-tiles | dining-room-tiles | hallway-tiles | vitrified-tiles,/images/products/grande-plume-vermion-grey-gvt.webp
307,Grande Plume Vermion Grey Light GVT,T31F119002444102,grande-plume-vermion-grey-light-gvt,gvt,600x1200 mm,matt,marble,grey,name,Harmony,"floors, walls",floor-tiles | wall-tiles | kitchen-tiles | living-room-tiles | bedroom-tiles | dining-room-tiles | hallway-tiles | vitrified-tiles,/images/products/grande-plume-vermion-grey-light-gvt.webp
308,Grande Repliq Brasilia Onyx FP GVT,T31F119001395102,grande-repliq-brasilia-onyx-fp-gvt,gvt,600x1200 mm,polished,onyx,grey,image,Tesoro,"floors, walls",floor-tiles | wall-tiles | bathroom-tiles | living-room-tiles | bedroom-tiles | dining-room-tiles | hallway-tiles | drawing-room-tiles | vitrified-tiles,/images/products/grande-repliq-brasilia-onyx-fp-gvt.webp
309,Grande Repliq Coliseum Dark Grey FP GVT,T31F119001391102,grande-repliq-coliseum-dark-grey-fp-gvt,gvt,600x1200 mm,polished,marble,grey,name,Tesoro,"floors, walls",floor-tiles | wall-tiles | bathroom-tiles | living-room-tiles | bedroom-tiles | dining-room-tiles | hallway-tiles | drawing-room-tiles | vitrified-tiles,/images/products/grande-repliq-coliseum-dark-grey-fp-gvt.webp
310,Grande Repliq Coliseum Light Grey FP GVT,T31F119001389102,grande-repliq-coliseum-light-grey-fp-gvt,gvt,600x1200 mm,polished,marble,grey,name,Tesoro,"floors, walls",floor-tiles | wall-tiles | bathroom-tiles | living-room-tiles | bedroom-tiles | dining-room-tiles | hallway-tiles | drawing-room-tiles | vitrified-tiles,/images/products/grande-repliq-coliseum-light-grey-fp-gvt.webp
311,Grande Repliq Dalkey Dark Grey FP GVT,T31F119001385102,grande-repliq-dalkey-dark-grey-fp-gvt,gvt,600x1200 mm,polished,marble,grey,name,Tesoro,"floors, walls",floor-tiles | wall-tiles | bathroom-tiles | living-room-tiles | bedroom-tiles | dining-room-tiles | hallway-tiles | drawing-room-tiles | vitrified-tiles,/images/products/grande-repliq-dalkey-dark-grey-fp-gvt.webp
312,Grande Repliq Engravo Coliseum Dark Grey GVT,T31F119001394102,grande-repliq-engravo-coliseum-dark-grey-gvt,gvt,600x1200 mm,carving,marble,grey,name,Tesoro,"floors, walls",floor-tiles | wall-tiles | kitchen-tiles | living-room-tiles | bedroom-tiles | dining-room-tiles | hallway-tiles | vitrified-tiles,/images/products/grande-repliq-engravo-coliseum-dark-grey-gvt.webp
313,Grande Valor Colorz Grey Decor GVT,T31F119001363102,grande-valor-colorz-grey-decor-gvt,gvt,600x1200 mm,matt,highlighter,grey,name,Valor,"floors, walls",floor-tiles | wall-tiles | kitchen-tiles | living-room-tiles | bedroom-tiles | dining-room-tiles | hallway-tiles | vitrified-tiles,/images/products/grande-valor-colorz-grey-decor-gvt.webp
314,Grande Valor Continent Dark Grey FP GVT,T31F119001755102,grande-valor-continent-dark-grey-fp-gvt,gvt,600x1200 mm,polished,marble,grey,name,Valor,"floors, walls",floor-tiles | wall-tiles | bathroom-tiles | living-room-tiles | bedroom-tiles | dining-room-tiles | hallway-tiles | drawing-room-tiles | vitrified-tiles,/images/products/grande-valor-continent-dark-grey-fp-gvt.webp
315,Grande Valor Duran Dark Grey FP GVT,T31F119001741102,grande-valor-duran-dark-grey-fp-gvt,gvt,600x1200 mm,polished,marble,grey,name,Valor,"floors, walls",floor-tiles | wall-tiles | bathroom-tiles | living-room-tiles | bedroom-tiles | dining-room-tiles | hallway-tiles | drawing-room-tiles | vitrified-tiles,/images/products/grande-valor-duran-dark-grey-fp-gvt.webp
316,Grande Valor Duran Light Grey FP GVT,T31F119001742102,grande-valor-duran-light-grey-fp-gvt,gvt,600x1200 mm,polished,marble,grey,name,Valor,"floors, walls",floor-tiles | wall-tiles | bathroom-tiles | living-room-tiles | bedroom-tiles | dining-room-tiles | hallway-tiles | drawing-room-tiles | vitrified-tiles,/images/products/grande-valor-duran-light-grey-fp-gvt.webp
317,Grande Valor Eterna Grey FP GVT,T31F119000739102,grande-valor-eterna-grey-fp-gvt,gvt,600x1200 mm,polished,marble,grey,name,Valor,"floors, walls",floor-tiles | wall-tiles | bathroom-tiles | living-room-tiles | bedroom-tiles | dining-room-tiles | hallway-tiles | drawing-room-tiles | vitrified-tiles,/images/products/grande-valor-eterna-grey-fp-gvt.webp
318,Grande Valor Fleurine Beige FP GVT,T31F119001332102,grande-valor-fleurine-beige-fp-gvt,gvt,600x1200 mm,polished,floral,beige,name,Valor,"floors, walls",floor-tiles | wall-tiles | bathroom-tiles | living-room-tiles | bedroom-tiles | dining-room-tiles | hallway-tiles | drawing-room-tiles | vitrified-tiles,/images/products/grande-valor-fleurine-beige-fp-gvt.webp
319,Grande Valor Forzenta Dark Grey FP GVT,T31F119000464102,grande-valor-forzenta-dark-grey-fp-gvt,gvt,600x1200 mm,polished,marble,grey,name,Valor,"floors, walls",floor-tiles | wall-tiles | bathroom-tiles | living-room-tiles | bedroom-tiles | dining-room-tiles | hallway-tiles | drawing-room-tiles | vitrified-tiles,/images/products/grande-valor-forzenta-dark-grey-fp-gvt.webp
320,Grande Valor IMP Astor Mushroom GVT,T31F119000758102,grande-valor-imp-astor-mushroom-gvt,gvt,600x1200 mm,matt,marble,beige,name,Valor,"floors, walls",floor-tiles | wall-tiles | kitchen-tiles | living-room-tiles | bedroom-tiles | dining-room-tiles | hallway-tiles | vitrified-tiles,/images/products/grande-valor-imp-astor-mushroom-gvt.webp
321,Grande Valor IMP Atlas Bianco GVT,T31F119000760102,grande-valor-imp-atlas-bianco-gvt,gvt,600x1200 mm,matt,marble,white,name,Valor,"floors, walls",floor-tiles | wall-tiles | kitchen-tiles | living-room-tiles | bedroom-tiles | dining-room-tiles | hallway-tiles | vitrified-tiles,/images/products/grande-valor-imp-atlas-bianco-gvt.webp
322,Grande Valor IMP Atlas Crema GVT,T31F119000761102,grande-valor-imp-atlas-crema-gvt,gvt,600x1200 mm,matt,marble,cream,name,Valor,"floors, walls",floor-tiles | wall-tiles | kitchen-tiles | living-room-tiles | bedroom-tiles | dining-room-tiles | hallway-tiles | vitrified-tiles,/images/products/grande-valor-imp-atlas-crema-gvt.webp
323,Grande Valor IMP Avallon Grey GVT,T31F119000765102,grande-valor-imp-avallon-grey-gvt,gvt,600x1200 mm,matt,marble,grey,name,Valor,"floors, walls",floor-tiles | wall-tiles | kitchen-tiles | living-room-tiles | bedroom-tiles | dining-room-tiles | hallway-tiles | vitrified-tiles,/images/products/grande-valor-imp-avallon-grey-gvt.webp
324,Grande Valor IMP Avallon Mocha GVT,T31F119000764102,grande-valor-imp-avallon-mocha-gvt,gvt,600x1200 mm,matt,marble,brown,name,Valor,"floors, walls",floor-tiles | wall-tiles | kitchen-tiles | living-room-tiles | bedroom-tiles | dining-room-tiles | hallway-tiles | vitrified-tiles,/images/products/grande-valor-imp-avallon-mocha-gvt.webp
325,Grande Valor IMP Honeywood GVT,T31F119000773102,grande-valor-imp-honeywood-gvt,gvt,600x1200 mm,matt,wooden,brown,name,Valor,"floors, walls",floor-tiles | wall-tiles | kitchen-tiles | living-room-tiles | bedroom-tiles | dining-room-tiles | hallway-tiles | vitrified-tiles,/images/products/grande-valor-imp-honeywood-gvt.webp
326,Grande Valor IMP Lycra Brown GVT,T31F119000774102,grande-valor-imp-lycra-brown-gvt,gvt,600x1200 mm,matt,marble,brown,name,Valor,"floors, walls",floor-tiles | wall-tiles | kitchen-tiles | living-room-tiles | bedroom-tiles | dining-room-tiles | hallway-tiles | vitrified-tiles,/images/products/grande-valor-imp-lycra-brown-gvt.webp
327,Grande Valor Jaurez Bronze GVT,T31F119001768102,grande-valor-jaurez-bronze-gvt,gvt,600x1200 mm,matt,marble,brown,name,Valor,"floors, walls",floor-tiles | wall-tiles | kitchen-tiles | living-room-tiles | bedroom-tiles | dining-room-tiles | hallway-tiles | vitrified-tiles,/images/products/grande-valor-jaurez-bronze-gvt.webp
328,Grande Valor Liston Brown Decor GVT,T31F119000468102,grande-valor-liston-brown-decor-gvt,gvt,600x1200 mm,matt,highlighter,brown,name,Valor,"floors, walls",floor-tiles | wall-tiles | kitchen-tiles | living-room-tiles | bedroom-tiles | dining-room-tiles | hallway-tiles | vitrified-tiles,/images/products/grande-valor-liston-brown-decor-gvt.webp
329,Grande Valor Liston Grey Decor GVT,T31F119000470102,grande-valor-liston-grey-decor-gvt,gvt,600x1200 mm,matt,highlighter,grey,name,Valor,"floors, walls",floor-tiles | wall-tiles | kitchen-tiles | living-room-tiles | bedroom-tiles | dining-room-tiles | hallway-tiles | vitrified-tiles,/images/products/grande-valor-liston-grey-decor-gvt.webp
330,Grande Valor Lucido Daniela Decor GVT,T31F119001418102,grande-valor-lucido-daniela-decor-gvt,gvt,600x1200 mm,high-gloss,highlighter,grey,image,Valor,"floors, walls",floor-tiles | wall-tiles | bathroom-tiles | living-room-tiles | bedroom-tiles | dining-room-tiles | hallway-tiles | drawing-room-tiles | vitrified-tiles,/images/products/grande-valor-lucido-daniela-decor-gvt.webp
331,Grande Valor Lucido Ocean Blue GVT,T31F119000756102,grande-valor-lucido-ocean-blue-gvt,gvt,600x1200 mm,high-gloss,marble,blue,name,Valor,"floors, walls",floor-tiles | wall-tiles | bathroom-tiles | living-room-tiles | bedroom-tiles | dining-room-tiles | hallway-tiles | drawing-room-tiles | vitrified-tiles,/images/products/grande-valor-lucido-ocean-blue-gvt.webp
332,Grande Valor Marlene Beige Decor FP GVT,T31F119001358102,grande-valor-marlene-beige-decor-fp-gvt,gvt,600x1200 mm,polished,highlighter,beige,name,Valor,"floors, walls",floor-tiles | wall-tiles | bathroom-tiles | living-room-tiles | bedroom-tiles | dining-room-tiles | hallway-tiles | drawing-room-tiles | vitrified-tiles,/images/products/grande-valor-marlene-beige-decor-fp-gvt.webp
333,Grande Valor Perlato Beige FP GVT,T31F119000475102,grande-valor-perlato-beige-fp-gvt,gvt,600x1200 mm,polished,marble,beige,name,Valor,"floors, walls",floor-tiles | wall-tiles | bathroom-tiles | living-room-tiles | bedroom-tiles | dining-room-tiles | hallway-tiles | drawing-room-tiles | vitrified-tiles,/images/products/grande-valor-perlato-beige-fp-gvt.webp
334,Grande Valor Sandstone Beige GVT,T31F119000478102,grande-valor-sandstone-beige-gvt,gvt,600x1200 mm,matt,stone,beige,name,Valor,"floors, walls",floor-tiles | wall-tiles | kitchen-tiles | living-room-tiles | bedroom-tiles | dining-room-tiles | hallway-tiles | vitrified-tiles,/images/products/grande-valor-sandstone-beige-gvt.webp
335,Grande Valor Sandstone Brown GVT,T31F119000479102,grande-valor-sandstone-brown-gvt,gvt,600x1200 mm,matt,stone,brown,name,Valor,"floors, walls",floor-tiles | wall-tiles | kitchen-tiles | living-room-tiles | bedroom-tiles | dining-room-tiles | hallway-tiles | vitrified-tiles,/images/products/grande-valor-sandstone-brown-gvt.webp
336,Grande Valor Sandstone Dark Grey GVT,T31F119000480102,grande-valor-sandstone-dark-grey-gvt,gvt,600x1200 mm,matt,stone,grey,name,Valor,"floors, walls",floor-tiles | wall-tiles | kitchen-tiles | living-room-tiles | bedroom-tiles | dining-room-tiles | hallway-tiles | vitrified-tiles,/images/products/grande-valor-sandstone-dark-grey-gvt.webp
337,Grande Valor Sandstone Light Grey GVT,T31F119000481102,grande-valor-sandstone-light-grey-gvt,gvt,600x1200 mm,matt,stone,grey,name,Valor,"floors, walls",floor-tiles | wall-tiles | kitchen-tiles | living-room-tiles | bedroom-tiles | dining-room-tiles | hallway-tiles | vitrified-tiles,/images/products/grande-valor-sandstone-light-grey-gvt.webp
338,Grande Valor Valdiva Decor GVT,T31F119000582102,grande-valor-valdiva-decor-gvt,gvt,600x1200 mm,matt,highlighter,grey,image,Valor,"floors, walls",floor-tiles | wall-tiles | kitchen-tiles | living-room-tiles | bedroom-tiles | dining-room-tiles | hallway-tiles | vitrified-tiles,/images/products/grande-valor-valdiva-decor-gvt.webp
339,Grande Valor Valdiva Grey GVT,T31F119000583102,grande-valor-valdiva-grey-gvt,gvt,600x1200 mm,matt,marble,grey,name,Valor,"floors, walls",floor-tiles | wall-tiles | kitchen-tiles | living-room-tiles | bedroom-tiles | dining-room-tiles | hallway-tiles | vitrified-tiles,/images/products/grande-valor-valdiva-grey-gvt.webp
340,Imperial Terazzo Antracita PVT,T23F119000034102,imperial-terazzo-antracita-pvt,pvt,600x1200 mm,matt,terrazzo,black,name,Tech Homogenea,"floors, walls",floor-tiles | wall-tiles | kitchen-tiles | living-room-tiles | bedroom-tiles | dining-room-tiles | hallway-tiles | vitrified-tiles | other-tile-areas,/images/products/imperial-terazzo-antracita-pvt.webp
341,Imperial Terazzo Bianco PVT,T23F119000035102,imperial-terazzo-bianco-pvt,pvt,600x1200 mm,matt,terrazzo,white,name,Tech Homogenea,"floors, walls",floor-tiles | wall-tiles | kitchen-tiles | living-room-tiles | bedroom-tiles | dining-room-tiles | hallway-tiles | vitrified-tiles | other-tile-areas,/images/products/imperial-terazzo-bianco-pvt.webp
342,Imperial Terazzo Crema PVT,T23F119000036102,imperial-terazzo-crema-pvt,pvt,600x1200 mm,matt,terrazzo,cream,name,Tech Homogenea,"floors, walls",floor-tiles | wall-tiles | kitchen-tiles | living-room-tiles | bedroom-tiles | dining-room-tiles | hallway-tiles | vitrified-tiles | other-tile-areas,/images/products/imperial-terazzo-crema-pvt.webp
343,Imperial Terazzo Gris PVT,T23F119000037102,imperial-terazzo-gris-pvt,pvt,600x1200 mm,matt,terrazzo,grey,name,Tech Homogenea,"floors, walls",floor-tiles | wall-tiles | kitchen-tiles | living-room-tiles | bedroom-tiles | dining-room-tiles | hallway-tiles | vitrified-tiles | other-tile-areas,/images/products/imperial-terazzo-gris-pvt.webp
344,Imperial Terazzo Maroon PVT,T23F119000038102,imperial-terazzo-maroon-pvt,pvt,600x1200 mm,matt,terrazzo,red,name,Tech Homogenea,"floors, walls",floor-tiles | wall-tiles | kitchen-tiles | living-room-tiles | bedroom-tiles | dining-room-tiles | hallway-tiles | vitrified-tiles | other-tile-areas,/images/products/imperial-terazzo-maroon-pvt.webp
345,Imperial Terazzo Sahara PVT,T23F119000039102,imperial-terazzo-sahara-pvt,pvt,600x1200 mm,matt,terrazzo,beige,name,Tech Homogenea,"floors, walls",floor-tiles | wall-tiles | kitchen-tiles | living-room-tiles | bedroom-tiles | dining-room-tiles | hallway-tiles | vitrified-tiles | other-tile-areas,/images/products/imperial-terazzo-sahara-pvt.webp
346,Largo Techstone Antracita PVT,T22F119000022102,largo-techstone-antracita-pvt,pvt,600x1200 mm,matt,stone,black,name,Tech Homogenea,"floors, walls",floor-tiles | wall-tiles | kitchen-tiles | living-room-tiles | bedroom-tiles | dining-room-tiles | hallway-tiles | vitrified-tiles | other-tile-areas,/images/products/largo-techstone-antracita-pvt.webp
347,Largo Techstone Antracita PVT,T23F119000005102,largo-techstone-antracita-pvt-t23f119000005102,pvt,600x1200 mm,matt,stone,black,name,PVT DC Regular,"floors, walls",floor-tiles | wall-tiles | kitchen-tiles | living-room-tiles | bedroom-tiles | dining-room-tiles | hallway-tiles | vitrified-tiles | other-tile-areas,/images/products/largo-techstone-antracita-pvt-t23f119000005102.webp
348,Largo Techstone Crema PVT,T22F119000024102,largo-techstone-crema-pvt,pvt,600x1200 mm,matt,stone,cream,name,Tech Homogenea,"floors, walls",floor-tiles | wall-tiles | kitchen-tiles | living-room-tiles | bedroom-tiles | dining-room-tiles | hallway-tiles | vitrified-tiles | other-tile-areas,/images/products/largo-techstone-crema-pvt.webp
349,Largo Techstone Gris PVT,T22F119000026102,largo-techstone-gris-pvt,pvt,600x1200 mm,matt,stone,grey,name,Tech Homogenea,"floors, walls",floor-tiles | wall-tiles | kitchen-tiles | living-room-tiles | bedroom-tiles | dining-room-tiles | hallway-tiles | vitrified-tiles | other-tile-areas,/images/products/largo-techstone-gris-pvt.webp
350,Largo Techstone Marron PVT,T22F119000025102,largo-techstone-marron-pvt,pvt,600x1200 mm,matt,stone,brown,name,Tech Homogenea,"floors, walls",floor-tiles | wall-tiles | kitchen-tiles | living-room-tiles | bedroom-tiles | dining-room-tiles | hallway-tiles | vitrified-tiles | other-tile-areas,/images/products/largo-techstone-marron-pvt.webp
351,Muse Albatros Veil FP Ceramic,T12F119000731102,muse-albatros-veil-fp-ceramic,ceramic,600x1200 mm,glossy,marble,white,image,Muse Series,"floors, walls",floor-tiles | wall-tiles | bathroom-tiles | living-room-tiles | bedroom-tiles | dining-room-tiles | hallway-tiles | drawing-room-tiles | pooja-room-tiles | ceramic-tiles,/images/products/muse-albatros-veil-fp-ceramic.webp
352,Muse Aura Gold FP V4 Ceramic,T12F119000591102,muse-aura-gold-fp-v4-ceramic,ceramic,600x1200 mm,glossy,marble,gold,name,Muse Series,"floors, walls",floor-tiles | wall-tiles | bathroom-tiles | living-room-tiles | bedroom-tiles | dining-room-tiles | hallway-tiles | drawing-room-tiles | ceramic-tiles,/images/products/muse-aura-gold-fp-v4-ceramic.webp
353,Muse Azzurro Gore FP Ceramic,T12F119000726102,muse-azzurro-gore-fp-ceramic,ceramic,600x1200 mm,glossy,marble,blue,name,Muse Series,"floors, walls",floor-tiles | wall-tiles | bathroom-tiles | living-room-tiles | bedroom-tiles | dining-room-tiles | hallway-tiles | drawing-room-tiles | ceramic-tiles,/images/products/muse-azzurro-gore-fp-ceramic.webp
354,Muse Crest Gris FP Ceramic,T12F119000733102,muse-crest-gris-fp-ceramic,ceramic,600x1200 mm,glossy,marble,grey,name,Muse Series,"floors, walls",floor-tiles | wall-tiles | bathroom-tiles | living-room-tiles | bedroom-tiles | dining-room-tiles | hallway-tiles | drawing-room-tiles | ceramic-tiles,/images/products/muse-crest-gris-fp-ceramic.webp
355,Muse Crystalo Splash FP Ceramic,T12F119000739102,muse-crystalo-splash-fp-ceramic,ceramic,600x1200 mm,glossy,marble,white,image,Muse Series,"floors, walls",floor-tiles | wall-tiles | bathroom-tiles | living-room-tiles | bedroom-tiles | dining-room-tiles | hallway-tiles | drawing-room-tiles | pooja-room-tiles | ceramic-tiles,/images/products/muse-crystalo-splash-fp-ceramic.webp
356,Muse Frosty Mist FP Ceramic,T12F119000722102,muse-frosty-mist-fp-ceramic,ceramic,600x1200 mm,glossy,marble,grey-and-white,name,Muse Series,"floors, walls",floor-tiles | wall-tiles | bathroom-tiles | living-room-tiles | bedroom-tiles | dining-room-tiles | hallway-tiles | drawing-room-tiles | ceramic-tiles,/images/products/muse-frosty-mist-fp-ceramic.webp
357,Muse Fuscus Gore FP Ceramic,T12F119000725102,muse-fuscus-gore-fp-ceramic,ceramic,600x1200 mm,glossy,marble,cream,image,Muse Series,"floors, walls",floor-tiles | wall-tiles | bathroom-tiles | living-room-tiles | bedroom-tiles | dining-room-tiles | hallway-tiles | drawing-room-tiles | ceramic-tiles,/images/products/muse-fuscus-gore-fp-ceramic.webp
358,Muse Glacier Natura FP Ceramic,T12F119000740102,muse-glacier-natura-fp-ceramic,ceramic,600x1200 mm,glossy,marble,white,name,Muse Series,"floors, walls",floor-tiles | wall-tiles | bathroom-tiles | living-room-tiles | bedroom-tiles | dining-room-tiles | hallway-tiles | drawing-room-tiles | pooja-room-tiles | ceramic-tiles,/images/products/muse-glacier-natura-fp-ceramic.webp
359,Muse Grigio Antracita FP Ceramic,T12F119000730102,muse-grigio-antracita-fp-ceramic,ceramic,600x1200 mm,glossy,marble,black,name,Muse Series,"floors, walls",floor-tiles | wall-tiles | bathroom-tiles | living-room-tiles | bedroom-tiles | dining-room-tiles | hallway-tiles | drawing-room-tiles | ceramic-tiles,/images/products/muse-grigio-antracita-fp-ceramic.webp
360,Muse Grigio Scuro FP Ceramic,T12F119000728102,muse-grigio-scuro-fp-ceramic,ceramic,600x1200 mm,glossy,marble,grey,name,Muse Series,"floors, walls",floor-tiles | wall-tiles | bathroom-tiles | living-room-tiles | bedroom-tiles | dining-room-tiles | hallway-tiles | drawing-room-tiles | ceramic-tiles,/images/products/muse-grigio-scuro-fp-ceramic.webp
361,Muse Milan Hive FP Ceramic,T12F119000735102,muse-milan-hive-fp-ceramic,ceramic,600x1200 mm,glossy,geometric,grey,image,Muse Series,"floors, walls",floor-tiles | wall-tiles | bathroom-tiles | living-room-tiles | bedroom-tiles | dining-room-tiles | hallway-tiles | drawing-room-tiles | ceramic-tiles,/images/products/muse-milan-hive-fp-ceramic.webp
362,Muse Opal Essence FP Ceramic,T12F119000736102,muse-opal-essence-fp-ceramic,ceramic,600x1200 mm,glossy,marble,grey,image,Muse Series,"floors, walls",floor-tiles | wall-tiles | bathroom-tiles | living-room-tiles | bedroom-tiles | dining-room-tiles | hallway-tiles | drawing-room-tiles | ceramic-tiles,/images/products/muse-opal-essence-fp-ceramic.webp
363,Muse Pablo Garnet FP Ceramic,T12F119000738102,muse-pablo-garnet-fp-ceramic,ceramic,600x1200 mm,glossy,marble,red,name,Muse Series,"floors, walls",floor-tiles | wall-tiles | bathroom-tiles | living-room-tiles | bedroom-tiles | dining-room-tiles | hallway-tiles | drawing-room-tiles | ceramic-tiles,/images/products/muse-pablo-garnet-fp-ceramic.webp
364,Muse Ramas Secas FP Ceramic,T12F119000723102,muse-ramas-secas-fp-ceramic,ceramic,600x1200 mm,glossy,marble,white,image,Muse Series,"floors, walls",floor-tiles | wall-tiles | bathroom-tiles | living-room-tiles | bedroom-tiles | dining-room-tiles | hallway-tiles | drawing-room-tiles | pooja-room-tiles | ceramic-tiles,/images/products/muse-ramas-secas-fp-ceramic.webp
365,Muse Sea Flora FP Ceramic,T12F119000727102,muse-sea-flora-fp-ceramic,ceramic,600x1200 mm,glossy,floral,blue,name,Muse Series,"floors, walls",floor-tiles | wall-tiles | bathroom-tiles | living-room-tiles | bedroom-tiles | dining-room-tiles | hallway-tiles | drawing-room-tiles | ceramic-tiles,/images/products/muse-sea-flora-fp-ceramic.webp
366,Muse Skyline Bow FP Ceramic,T12F119000737102,muse-skyline-bow-fp-ceramic,ceramic,600x1200 mm,glossy,marble,white,image,Muse Series,"floors, walls",floor-tiles | wall-tiles | bathroom-tiles | living-room-tiles | bedroom-tiles | dining-room-tiles | hallway-tiles | drawing-room-tiles | pooja-room-tiles | ceramic-tiles,/images/products/muse-skyline-bow-fp-ceramic.webp
367,Muse Smog Bianco FP Ceramic,T12F119000729102,muse-smog-bianco-fp-ceramic,ceramic,600x1200 mm,glossy,concrete,grey-and-white,name,Muse Series,"floors, walls",floor-tiles | wall-tiles | bathroom-tiles | living-room-tiles | bedroom-tiles | dining-room-tiles | hallway-tiles | drawing-room-tiles | ceramic-tiles,/images/products/muse-smog-bianco-fp-ceramic.webp
368,Muse Sterling Silver FP Ceramic,T12F119000742102,muse-sterling-silver-fp-ceramic,ceramic,600x1200 mm,glossy,marble,grey,name,,"floors, walls",floor-tiles | wall-tiles | bathroom-tiles | living-room-tiles | bedroom-tiles | dining-room-tiles | hallway-tiles | drawing-room-tiles | ceramic-tiles,/images/products/muse-sterling-silver-fp-ceramic.webp
369,Muse Supreme Bliss FP Ceramic,T12F119000724102,muse-supreme-bliss-fp-ceramic,ceramic,600x1200 mm,glossy,marble,white,image,Muse Series,"floors, walls",floor-tiles | wall-tiles | bathroom-tiles | living-room-tiles | bedroom-tiles | dining-room-tiles | hallway-tiles | drawing-room-tiles | pooja-room-tiles | ceramic-tiles,/images/products/muse-supreme-bliss-fp-ceramic.webp
370,Muse Toscana Charm FP Ceramic,T12F119000721102,muse-toscana-charm-fp-ceramic,ceramic,600x1200 mm,glossy,marble,grey,image,Muse Series,"floors, walls",floor-tiles | wall-tiles | bathroom-tiles | living-room-tiles | bedroom-tiles | dining-room-tiles | hallway-tiles | drawing-room-tiles | ceramic-tiles,/images/products/muse-toscana-charm-fp-ceramic.webp
371,Muse Urban Haze FP Ceramic,T12F119000741102,muse-urban-haze-fp-ceramic,ceramic,600x1200 mm,glossy,concrete,grey,name,Muse Series,"floors, walls",floor-tiles | wall-tiles | bathroom-tiles | living-room-tiles | bedroom-tiles | dining-room-tiles | hallway-tiles | drawing-room-tiles | ceramic-tiles,/images/products/muse-urban-haze-fp-ceramic.webp
372,Neo Grande White Equator FP GVT,T31F119000149102,neo-grande-white-equator-fp-gvt,gvt,600x1200 mm,polished,marble,white,name,Digital GVT Polished,"floors, walls",floor-tiles | wall-tiles | bathroom-tiles | living-room-tiles | bedroom-tiles | dining-room-tiles | hallway-tiles | drawing-room-tiles | pooja-room-tiles | vitrified-tiles,/images/products/neo-grande-white-equator-fp-gvt.webp
373,Tones Basil Bar PVT,T23F119000122102,tones-basil-bar-pvt,pvt,600x1200 mm,matt,plain,green,name,Tech Homogenea,"floors, walls",floor-tiles | wall-tiles | kitchen-tiles | living-room-tiles | bedroom-tiles | dining-room-tiles | hallway-tiles | vitrified-tiles | other-tile-areas,/images/products/tones-basil-bar-pvt.webp
374,Tones Basil Trio PVT,T23F119000113102,tones-basil-trio-pvt,pvt,600x1200 mm,matt,plain,green,name,Tech Homogenea,"floors, walls",floor-tiles | wall-tiles | kitchen-tiles | living-room-tiles | bedroom-tiles | dining-room-tiles | hallway-tiles | vitrified-tiles | other-tile-areas,/images/products/tones-basil-trio-pvt.webp
375,Tones Citron Cabina PVT,T23F119000130102,tones-citron-cabina-pvt,pvt,600x1200 mm,matt,plain,yellow,name,Tech Homogenea,"floors, walls",floor-tiles | wall-tiles | kitchen-tiles | living-room-tiles | bedroom-tiles | dining-room-tiles | hallway-tiles | vitrified-tiles | other-tile-areas,/images/products/tones-citron-cabina-pvt.webp
376,Tones Citron Trio PVT,T23F119000112102,tones-citron-trio-pvt,pvt,600x1200 mm,matt,plain,yellow,name,Tech Homogenea,"floors, walls",floor-tiles | wall-tiles | kitchen-tiles | living-room-tiles | bedroom-tiles | dining-room-tiles | hallway-tiles | vitrified-tiles | other-tile-areas,/images/products/tones-citron-trio-pvt.webp
377,Tones Coal Bar PVT,T23F119000125102,tones-coal-bar-pvt,pvt,600x1200 mm,matt,plain,black,name,Tech Homogenea,"floors, walls",floor-tiles | wall-tiles | kitchen-tiles | living-room-tiles | bedroom-tiles | dining-room-tiles | hallway-tiles | vitrified-tiles | other-tile-areas,/images/products/tones-coal-bar-pvt.webp
378,Tones Coal Trio PVT,T23F119000116102,tones-coal-trio-pvt,pvt,600x1200 mm,matt,plain,black,name,Tech Homogenea,"floors, walls",floor-tiles | wall-tiles | kitchen-tiles | living-room-tiles | bedroom-tiles | dining-room-tiles | hallway-tiles | vitrified-tiles | other-tile-areas,/images/products/tones-coal-trio-pvt.webp
379,Tones Earth PVT,T23F119000102102,tones-earth-pvt,pvt,600x1200 mm,matt,plain,brown,name,Tech Homogenea,"floors, walls",floor-tiles | wall-tiles | kitchen-tiles | living-room-tiles | bedroom-tiles | dining-room-tiles | hallway-tiles | vitrified-tiles | other-tile-areas,/images/products/tones-earth-pvt.webp
380,Tones Earth Bar PVT,T23F119000120102,tones-earth-bar-pvt,pvt,600x1200 mm,matt,plain,brown,name,Tech Homogenea,"floors, walls",floor-tiles | wall-tiles | kitchen-tiles | living-room-tiles | bedroom-tiles | dining-room-tiles | hallway-tiles | vitrified-tiles | other-tile-areas,/images/products/tones-earth-bar-pvt.webp
381,Tones Earth Cabina PVT,T23F119000129102,tones-earth-cabina-pvt,pvt,600x1200 mm,matt,plain,brown,name,Tech Homogenea,"floors, walls",floor-tiles | wall-tiles | kitchen-tiles | living-room-tiles | bedroom-tiles | dining-room-tiles | hallway-tiles | vitrified-tiles | other-tile-areas,/images/products/tones-earth-cabina-pvt.webp
382,Tones Earth Trio PVT,T23F119000111102,tones-earth-trio-pvt,pvt,600x1200 mm,matt,plain,brown,name,Tech Homogenea,"floors, walls",floor-tiles | wall-tiles | kitchen-tiles | living-room-tiles | bedroom-tiles | dining-room-tiles | hallway-tiles | vitrified-tiles | other-tile-areas,/images/products/tones-earth-trio-pvt.webp
383,Tones Indigo Blue PVT,T23F119000106102,tones-indigo-blue-pvt,pvt,600x1200 mm,matt,plain,blue,name,Tech Homogenea,"floors, walls",floor-tiles | wall-tiles | kitchen-tiles | living-room-tiles | bedroom-tiles | dining-room-tiles | hallway-tiles | vitrified-tiles | other-tile-areas,/images/products/tones-indigo-blue-pvt.webp
384,Tones Indigo Blue Bar PVT,T23F119000124102,tones-indigo-blue-bar-pvt,pvt,600x1200 mm,matt,plain,blue,name,Tech Homogenea,"floors, walls",floor-tiles | wall-tiles | kitchen-tiles | living-room-tiles | bedroom-tiles | dining-room-tiles | hallway-tiles | vitrified-tiles | other-tile-areas,/images/products/tones-indigo-blue-bar-pvt.webp
385,Tones Indigo Blue Cabina PVT,T23F119000133102,tones-indigo-blue-cabina-pvt,pvt,600x1200 mm,matt,plain,blue,name,Tech Homogenea,"floors, walls",floor-tiles | wall-tiles | kitchen-tiles | living-room-tiles | bedroom-tiles | dining-room-tiles | hallway-tiles | vitrified-tiles | other-tile-areas,/images/products/tones-indigo-blue-cabina-pvt.webp
386,Tones Indigo Blue Trio PVT,T23F119000115102,tones-indigo-blue-trio-pvt,pvt,600x1200 mm,matt,plain,blue,name,Tech Homogenea,"floors, walls",floor-tiles | wall-tiles | kitchen-tiles | living-room-tiles | bedroom-tiles | dining-room-tiles | hallway-tiles | vitrified-tiles | other-tile-areas,/images/products/tones-indigo-blue-trio-pvt.webp
387,Tones Lilac PVT,T23F119000100102,tones-lilac-pvt,pvt,600x1200 mm,matt,plain,purple,name,Tech Homogenea,"floors, walls",floor-tiles | wall-tiles | kitchen-tiles | living-room-tiles | bedroom-tiles | dining-room-tiles | hallway-tiles | vitrified-tiles | other-tile-areas,/images/products/tones-lilac-pvt.webp
388,Tones Lilac Bar PVT,T23F119000118102,tones-lilac-bar-pvt,pvt,600x1200 mm,matt,plain,purple,name,Tech Homogenea,"floors, walls",floor-tiles | wall-tiles | kitchen-tiles | living-room-tiles | bedroom-tiles | dining-room-tiles | hallway-tiles | vitrified-tiles | other-tile-areas,/images/products/tones-lilac-bar-pvt.webp
389,Tones Lilac Cabina PVT,T23F119000127102,tones-lilac-cabina-pvt,pvt,600x1200 mm,matt,plain,purple,name,Tech Homogenea,"floors, walls",floor-tiles | wall-tiles | kitchen-tiles | living-room-tiles | bedroom-tiles | dining-room-tiles | hallway-tiles | vitrified-tiles | other-tile-areas,/images/products/tones-lilac-cabina-pvt.webp
390,Tones Ochre PVT,T23F119000101102,tones-ochre-pvt,pvt,600x1200 mm,matt,plain,yellow,name,Tech Homogenea,"floors, walls",floor-tiles | wall-tiles | kitchen-tiles | living-room-tiles | bedroom-tiles | dining-room-tiles | hallway-tiles | vitrified-tiles | other-tile-areas,/images/products/tones-ochre-pvt.webp
391,Tones Ochre Bar PVT,T23F119000119102,tones-ochre-bar-pvt,pvt,600x1200 mm,matt,plain,yellow,name,Tech Homogenea,"floors, walls",floor-tiles | wall-tiles | kitchen-tiles | living-room-tiles | bedroom-tiles | dining-room-tiles | hallway-tiles | vitrified-tiles | other-tile-areas,/images/products/tones-ochre-bar-pvt.webp
392,Tones Ochre Cabina PVT,T23F119000128102,tones-ochre-cabina-pvt,pvt,600x1200 mm,matt,plain,yellow,name,Tech Homogenea,"floors, walls",floor-tiles | wall-tiles | kitchen-tiles | living-room-tiles | bedroom-tiles | dining-room-tiles | hallway-tiles | vitrified-tiles | other-tile-areas,/images/products/tones-ochre-cabina-pvt.webp
393,Tones Ochre Trio PVT,T23F119000110102,tones-ochre-trio-pvt,pvt,600x1200 mm,matt,plain,yellow,name,Tech Homogenea,"floors, walls",floor-tiles | wall-tiles | kitchen-tiles | living-room-tiles | bedroom-tiles | dining-room-tiles | hallway-tiles | vitrified-tiles | other-tile-areas,/images/products/tones-ochre-trio-pvt.webp
394,Tones Roseate PVT,T23F119000099102,tones-roseate-pvt,pvt,600x1200 mm,matt,plain,pink,name,Tech Homogenea,"floors, walls",floor-tiles | wall-tiles | kitchen-tiles | living-room-tiles | bedroom-tiles | dining-room-tiles | hallway-tiles | vitrified-tiles | other-tile-areas,/images/products/tones-roseate-pvt.webp
395,Tones Roseate Bar PVT,T23F119000117102,tones-roseate-bar-pvt,pvt,600x1200 mm,matt,plain,pink,name,Tech Homogenea,"floors, walls",floor-tiles | wall-tiles | kitchen-tiles | living-room-tiles | bedroom-tiles | dining-room-tiles | hallway-tiles | vitrified-tiles | other-tile-areas,/images/products/tones-roseate-bar-pvt.webp
396,Tones Roseate Cabina PVT,T23F119000126102,tones-roseate-cabina-pvt,pvt,600x1200 mm,matt,plain,pink,name,Tech Homogenea,"floors, walls",floor-tiles | wall-tiles | kitchen-tiles | living-room-tiles | bedroom-tiles | dining-room-tiles | hallway-tiles | vitrified-tiles | other-tile-areas,/images/products/tones-roseate-cabina-pvt.webp
397,Tones Roseate Trio PVT,T23F119000108102,tones-roseate-trio-pvt,pvt,600x1200 mm,matt,plain,pink,name,Tech Homogenea,"floors, walls",floor-tiles | wall-tiles | kitchen-tiles | living-room-tiles | bedroom-tiles | dining-room-tiles | hallway-tiles | vitrified-tiles | other-tile-areas,/images/products/tones-roseate-trio-pvt.webp
398,Tones Sky Blue PVT,T23F119000105102,tones-sky-blue-pvt,pvt,600x1200 mm,matt,plain,sky-blue,name,Tech Homogenea,"floors, walls",floor-tiles | wall-tiles | kitchen-tiles | living-room-tiles | bedroom-tiles | dining-room-tiles | hallway-tiles | vitrified-tiles | other-tile-areas,/images/products/tones-sky-blue-pvt.webp
399,Tones Sky Blue Bar PVT,T23F119000123102,tones-sky-blue-bar-pvt,pvt,600x1200 mm,matt,plain,sky-blue,name,Tech Homogenea,"floors, walls",floor-tiles | wall-tiles | kitchen-tiles | living-room-tiles | bedroom-tiles | dining-room-tiles | hallway-tiles | vitrified-tiles | other-tile-areas,/images/products/tones-sky-blue-bar-pvt.webp
400,Tones Sky Blue Cabina PVT,T23F119000132102,tones-sky-blue-cabina-pvt,pvt,600x1200 mm,matt,plain,sky-blue,name,Tech Homogenea,"floors, walls",floor-tiles | wall-tiles | kitchen-tiles | living-room-tiles | bedroom-tiles | dining-room-tiles | hallway-tiles | vitrified-tiles | other-tile-areas,/images/products/tones-sky-blue-cabina-pvt.webp
401,Trento Brown Matt PVT,T22F119000012102,trento-brown-matt-pvt,pvt,600x1200 mm,matt,plain,brown,name,Tech Homogenea,"floors, walls",floor-tiles | wall-tiles | kitchen-tiles | living-room-tiles | bedroom-tiles | dining-room-tiles | hallway-tiles | vitrified-tiles | other-tile-areas,/images/products/trento-brown-matt-pvt.webp
402,Trento Brown Polish PVT,T22F119000013102,trento-brown-polish-pvt,pvt,600x1200 mm,polished,marble,brown,name,Tech Homogenea,"floors, walls",floor-tiles | wall-tiles | bathroom-tiles | living-room-tiles | bedroom-tiles | dining-room-tiles | hallway-tiles | drawing-room-tiles | vitrified-tiles | other-tile-areas,/images/products/trento-brown-polish-pvt.webp
403,Trento Crema Matt PVT,T22F119000010102,trento-crema-matt-pvt,pvt,600x1200 mm,matt,plain,cream,name,Tech Homogenea,"floors, walls",floor-tiles | wall-tiles | kitchen-tiles | living-room-tiles | bedroom-tiles | dining-room-tiles | hallway-tiles | vitrified-tiles | other-tile-areas,/images/products/trento-crema-matt-pvt.webp
404,Trento Crema Polish PVT,T22F119000011102,trento-crema-polish-pvt,pvt,600x1200 mm,polished,marble,cream,name,Tech Homogenea,"floors, walls",floor-tiles | wall-tiles | bathroom-tiles | living-room-tiles | bedroom-tiles | dining-room-tiles | hallway-tiles | drawing-room-tiles | vitrified-tiles | other-tile-areas,/images/products/trento-crema-polish-pvt.webp
405,Trento Galaxy Black Matt PVT,T22F119000044102,trento-galaxy-black-matt-pvt,pvt,600x1200 mm,matt,granite,black,name,Tech Homogenea,"floors, walls",floor-tiles | wall-tiles | kitchen-tiles | living-room-tiles | bedroom-tiles | dining-room-tiles | hallway-tiles | vitrified-tiles | other-tile-areas,/images/products/trento-galaxy-black-matt-pvt.webp
406,Trento Galaxy Black Polish PVT,T23F119000021102,trento-galaxy-black-polish-pvt,pvt,600x1200 mm,polished,granite,black,name,Tech Homogenea,"floors, walls",floor-tiles | wall-tiles | bathroom-tiles | living-room-tiles | bedroom-tiles | dining-room-tiles | hallway-tiles | drawing-room-tiles | vitrified-tiles | other-tile-areas,/images/products/trento-galaxy-black-polish-pvt.webp
407,Trento Grey Matt PVT,T22F119000008102,trento-grey-matt-pvt,pvt,600x1200 mm,matt,plain,grey,name,Tech Homogenea,"floors, walls",floor-tiles | wall-tiles | kitchen-tiles | living-room-tiles | bedroom-tiles | dining-room-tiles | hallway-tiles | vitrified-tiles | other-tile-areas,/images/products/trento-grey-matt-pvt.webp
408,Trento Grey Polish PVT,T22F119000009102,trento-grey-polish-pvt,pvt,600x1200 mm,polished,marble,grey,name,Tech Homogenea,"floors, walls",floor-tiles | wall-tiles | bathroom-tiles | living-room-tiles | bedroom-tiles | dining-room-tiles | hallway-tiles | drawing-room-tiles | vitrified-tiles | other-tile-areas,/images/products/trento-grey-polish-pvt.webp
409,Trento Nero Matt PVT,T22F119000006102,trento-nero-matt-pvt,pvt,600x1200 mm,matt,plain,black,name,Tech Homogenea,"floors, walls",floor-tiles | wall-tiles | kitchen-tiles | living-room-tiles | bedroom-tiles | dining-room-tiles | hallway-tiles | vitrified-tiles | other-tile-areas,/images/products/trento-nero-matt-pvt.webp
410,Trento Nero Polish PVT,T22F119000007102,trento-nero-polish-pvt,pvt,600x1200 mm,polished,marble,black,name,Tech Homogenea,"floors, walls",floor-tiles | wall-tiles | bathroom-tiles | living-room-tiles | bedroom-tiles | dining-room-tiles | hallway-tiles | drawing-room-tiles | vitrified-tiles | other-tile-areas,/images/products/trento-nero-polish-pvt.webp
411,Trento Super White Matt PVT,T22F119000048102,trento-super-white-matt-pvt,pvt,600x1200 mm,matt,plain,white,name,Tech Homogenea,"floors, walls",floor-tiles | wall-tiles | kitchen-tiles | living-room-tiles | bedroom-tiles | dining-room-tiles | hallway-tiles | vitrified-tiles | other-tile-areas,/images/products/trento-super-white-matt-pvt.webp
412,Trento Super White Polish PVT,T22F119000053102,trento-super-white-polish-pvt,pvt,600x1200 mm,polished,marble,white,name,Tech Homogenea,"floors, walls",floor-tiles | wall-tiles | bathroom-tiles | living-room-tiles | bedroom-tiles | dining-room-tiles | hallway-tiles | drawing-room-tiles | pooja-room-tiles | vitrified-tiles | other-tile-areas,/images/products/trento-super-white-polish-pvt.webp
413,Vibon Afton Ivory FP Ceramic,T12F119000628102,vibon-afton-ivory-fp-ceramic,ceramic,600x1200 mm,glossy,marble,ivory,name,Bon Series,"floors, walls",floor-tiles | wall-tiles | bathroom-tiles | living-room-tiles | bedroom-tiles | dining-room-tiles | hallway-tiles | drawing-room-tiles | ceramic-tiles,/images/products/vibon-afton-ivory-fp-ceramic.webp
414,Strio Valor Cask Wood Teak GVT,T31S102000021104,strio-valor-cask-wood-teak-gvt,gvt,200x1200 mm,rustic,wooden,brown,name,Planks,"floors, walls",floor-tiles | wall-tiles | living-room-tiles | bedroom-tiles | dining-room-tiles | hallway-tiles | vitrified-tiles,/images/products/strio-valor-cask-wood-teak-gvt.webp
415,Strio Valor IMP Bricola Oak V4 GVT,T31S102000041104,strio-valor-imp-bricola-oak-v4-gvt,gvt,200x1200 mm,rustic,wooden,brown,name,Planks,"floors, walls",floor-tiles | wall-tiles | living-room-tiles | bedroom-tiles | dining-room-tiles | hallway-tiles | vitrified-tiles,/images/products/strio-valor-imp-bricola-oak-v4-gvt.webp
416,Strio Valor IMP Leno Maple V4 GVT,T31S102000039104,strio-valor-imp-leno-maple-v4-gvt,gvt,200x1200 mm,rustic,wooden,brown,name,Planks,"floors, walls",floor-tiles | wall-tiles | living-room-tiles | bedroom-tiles | dining-room-tiles | hallway-tiles | vitrified-tiles,/images/products/strio-valor-imp-leno-maple-v4-gvt.webp
417,Strio Valor IMP Tyler Wenge V4 GVT,T31S102000043104,strio-valor-imp-tyler-wenge-v4-gvt,gvt,200x1200 mm,rustic,wooden,brown,name,Planks,"floors, walls",floor-tiles | wall-tiles | living-room-tiles | bedroom-tiles | dining-room-tiles | hallway-tiles | vitrified-tiles,/images/products/strio-valor-imp-tyler-wenge-v4-gvt.webp
418,Strio Valor Olson Mushroom V4 GVT,T31S102000034104,strio-valor-olson-mushroom-v4-gvt,gvt,200x1200 mm,rustic,marble,beige,name,Planks,"floors, walls",floor-tiles | wall-tiles | living-room-tiles | bedroom-tiles | dining-room-tiles | hallway-tiles | vitrified-tiles,/images/products/strio-valor-olson-mushroom-v4-gvt.webp
419,Strio Valor Ontano Wood Walnut GVT,T31S102000011104,strio-valor-ontano-wood-walnut-gvt,gvt,200x1200 mm,rustic,wooden,brown,name,Planks,"floors, walls",floor-tiles | wall-tiles | living-room-tiles | bedroom-tiles | dining-room-tiles | hallway-tiles | vitrified-tiles,/images/products/strio-valor-ontano-wood-walnut-gvt.webp
420,Strio Valor Pole Wood Brown GVT,T31S102000027104,strio-valor-pole-wood-brown-gvt,gvt,200x1200 mm,rustic,wooden,brown,name,Planks,"floors, walls",floor-tiles | wall-tiles | living-room-tiles | bedroom-tiles | dining-room-tiles | hallway-tiles | vitrified-tiles,/images/products/strio-valor-pole-wood-brown-gvt.webp
421,Strio Valor Spar Wood Walnut GVT,T31S102000029104,strio-valor-spar-wood-walnut-gvt,gvt,200x1200 mm,rustic,wooden,brown,name,Planks,"floors, walls",floor-tiles | wall-tiles | living-room-tiles | bedroom-tiles | dining-room-tiles | hallway-tiles | vitrified-tiles,/images/products/strio-valor-spar-wood-walnut-gvt.webp
422,Strio Valor Vintage Wood Oxido GVT,T31S102000019104,strio-valor-vintage-wood-oxido-gvt,gvt,200x1200 mm,rustic,wooden,brown,image,Planks,"floors, walls",floor-tiles | wall-tiles | living-room-tiles | bedroom-tiles | dining-room-tiles | hallway-tiles | vitrified-tiles,/images/products/strio-valor-vintage-wood-oxido-gvt.webp
423,Strio Benz Wood Robble GVT,T31S149000078104,strio-benz-wood-robble-gvt,gvt,200x1200 mm,matt,wooden,brown,name,Planks,"floors, walls",floor-tiles | wall-tiles | living-room-tiles | bedroom-tiles | dining-room-tiles | hallway-tiles | vitrified-tiles,/images/products/strio-benz-wood-robble-gvt.webp
424,Strio Dazzle Mohawk Wood Teak GVT,T31S149000022104,strio-dazzle-mohawk-wood-teak-gvt,gvt,200x1200 mm,matt,wooden,brown,name,Planks,"floors, walls",floor-tiles | wall-tiles | living-room-tiles | bedroom-tiles | dining-room-tiles | hallway-tiles | vitrified-tiles,/images/products/strio-dazzle-mohawk-wood-teak-gvt.webp
425,Strio Nadia Mahogany GVT,T31S149000088104,strio-nadia-mahogany-gvt,gvt,200x1200 mm,matt,wooden,brown,name,Planks,"floors, walls",floor-tiles | wall-tiles | living-room-tiles | bedroom-tiles | dining-room-tiles | hallway-tiles | vitrified-tiles,/images/products/strio-nadia-mahogany-gvt.webp
426,Strio Valor Akio Wood Robble GVT,T31S149000116106,strio-valor-akio-wood-robble-gvt,gvt,200x1200 mm,rustic,wooden,brown,name,Planks,"floors, walls",floor-tiles | wall-tiles | living-room-tiles | bedroom-tiles | dining-room-tiles | hallway-tiles | vitrified-tiles,/images/products/strio-valor-akio-wood-robble-gvt.webp
427,Strio Valor Argent Wood Ash GVT,T31S149000117106,strio-valor-argent-wood-ash-gvt,gvt,200x1200 mm,rustic,wooden,grey,name,Planks,"floors, walls",floor-tiles | wall-tiles | living-room-tiles | bedroom-tiles | dining-room-tiles | hallway-tiles | vitrified-tiles,/images/products/strio-valor-argent-wood-ash-gvt.webp
428,Strio Valor Pyrus Wood Teak GVT,T31S149000123106,strio-valor-pyrus-wood-teak-gvt,gvt,200x1200 mm,rustic,wooden,brown,name,Planks,"floors, walls",floor-tiles | wall-tiles | living-room-tiles | bedroom-tiles | dining-room-tiles | hallway-tiles | vitrified-tiles,/images/products/strio-valor-pyrus-wood-teak-gvt.webp
429,Strio Valor Rovere Wood Teak GVT,T31S149000125106,strio-valor-rovere-wood-teak-gvt,gvt,200x1200 mm,rustic,wooden,brown,name,Planks,"floors, walls",floor-tiles | wall-tiles | living-room-tiles | bedroom-tiles | dining-room-tiles | hallway-tiles | vitrified-tiles,/images/products/strio-valor-rovere-wood-teak-gvt.webp
430,Strio Verano Wood Teak GVT,T31S149000087104,strio-verano-wood-teak-gvt,gvt,200x1200 mm,matt,wooden,brown,name,Planks,"floors, walls",floor-tiles | wall-tiles | living-room-tiles | bedroom-tiles | dining-room-tiles | hallway-tiles | vitrified-tiles,/images/products/strio-verano-wood-teak-gvt.webp
431,Euphoria Natural PVT,T22F124000050103,euphoria-natural-pvt,pvt,800x800 mm,matt,marble,beige,name,Ultra Charge,"floors, walls",floor-tiles | wall-tiles | living-room-tiles | bedroom-tiles | dining-room-tiles | hallway-tiles | vitrified-tiles | other-tile-areas,/images/products/euphoria-natural-pvt.webp
432,Neo Escalade PVT,T22F124000095103,neo-escalade-pvt,pvt,800x800 mm,matt,marble,white,image,Ultra Charge,"floors, walls",floor-tiles | wall-tiles | living-room-tiles | bedroom-tiles | dining-room-tiles | hallway-tiles | vitrified-tiles | other-tile-areas,/images/products/neo-escalade-pvt.webp
433,Neo Evoque PVT,T22F124000096103,neo-evoque-pvt,pvt,800x800 mm,matt,marble,white,image,Ultra Charge,"floors, walls",floor-tiles | wall-tiles | living-room-tiles | bedroom-tiles | dining-room-tiles | hallway-tiles | vitrified-tiles | other-tile-areas,/images/products/neo-evoque-pvt.webp
434,Neo Mirage Beige PVT,T22F124000111103,neo-mirage-beige-pvt,pvt,800x800 mm,matt,marble,beige,name,Ultra Charge,"floors, walls",floor-tiles | wall-tiles | living-room-tiles | bedroom-tiles | dining-room-tiles | hallway-tiles | vitrified-tiles | other-tile-areas,/images/products/neo-mirage-beige-pvt.webp
435,Neo Tuscan Beige PVT,T22F124000099103,neo-tuscan-beige-pvt,pvt,800x800 mm,matt,marble,beige,name,Ultra Charge,"floors, walls",floor-tiles | wall-tiles | living-room-tiles | bedroom-tiles | dining-room-tiles | hallway-tiles | vitrified-tiles | other-tile-areas,/images/products/neo-tuscan-beige-pvt.webp
436,Opulence Sage PVT,T22F124000042103,opulence-sage-pvt,pvt,800x800 mm,matt,marble,green,name,Ultra Charge,"floors, walls",floor-tiles | wall-tiles | living-room-tiles | bedroom-tiles | dining-room-tiles | hallway-tiles | vitrified-tiles | other-tile-areas,/images/products/opulence-sage-pvt.webp
437,Stallion Black PVT,T22F124000019103,stallion-black-pvt,pvt,800x800 mm,matt,marble,black,name,Ultra Charge,"floors, walls",floor-tiles | wall-tiles | living-room-tiles | bedroom-tiles | dining-room-tiles | hallway-tiles | vitrified-tiles | other-tile-areas,/images/products/stallion-black-pvt.webp
438,Tuscan Beige PVT,T22F124000023103,tuscan-beige-pvt,pvt,800x800 mm,matt,marble,beige,name,Ultra Charge,"floors, walls",floor-tiles | wall-tiles | living-room-tiles | bedroom-tiles | dining-room-tiles | hallway-tiles | vitrified-tiles | other-tile-areas,/images/products/tuscan-beige-pvt.webp
439,Aris Grey SS GVT,T31F120001746104,aris-grey-ss-gvt,gvt,600x600 mm,matt,marble,grey,name,,"floors, walls",floor-tiles | wall-tiles | kitchen-tiles | living-room-tiles | bedroom-tiles | dining-room-tiles | vitrified-tiles,/images/products/aris-grey-ss-gvt.webp
440,Chroma Bianco GVT,T31F120000030104,chroma-bianco-gvt,gvt,600x600 mm,matt,marble,white,name,,"floors, walls",floor-tiles | wall-tiles | kitchen-tiles | living-room-tiles | bedroom-tiles | dining-room-tiles | vitrified-tiles,/images/products/chroma-bianco-gvt.webp
441,Chroma Gris GVT,T31F120000004104,chroma-gris-gvt,gvt,600x600 mm,matt,marble,grey,name,,"floors, walls",floor-tiles | wall-tiles | kitchen-tiles | living-room-tiles | bedroom-tiles | dining-room-tiles | vitrified-tiles,/images/products/chroma-gris-gvt.webp
442,Crayon Negro GVT,T31F120000034104,crayon-negro-gvt,gvt,600x600 mm,matt,marble,black,name,,"floors, walls",floor-tiles | wall-tiles | kitchen-tiles | living-room-tiles | bedroom-tiles | dining-room-tiles | vitrified-tiles,/images/products/crayon-negro-gvt.webp
443,Daino Beige FP GVT,T31F120000036104,daino-beige-fp-gvt,gvt,600x600 mm,polished,marble,beige,name,,"floors, walls",floor-tiles | wall-tiles | living-room-tiles | bedroom-tiles | dining-room-tiles | vitrified-tiles,/images/products/daino-beige-fp-gvt.webp
444,Delmon Beige VC GVT,T31F120000183104,delmon-beige-vc-gvt,gvt,600x600 mm,matt,marble,beige,name,,"floors, walls",floor-tiles | wall-tiles | kitchen-tiles | living-room-tiles | bedroom-tiles | dining-room-tiles | vitrified-tiles,/images/products/delmon-beige-vc-gvt.webp
445,Ethos Beige GVT,T31F120000364104,ethos-beige-gvt,gvt,600x600 mm,matt,marble,beige,name,,"floors, walls",floor-tiles | wall-tiles | kitchen-tiles | living-room-tiles | bedroom-tiles | dining-room-tiles | vitrified-tiles,/images/products/ethos-beige-gvt.webp
446,Fab Albato Dark Grey FP GVT,T31F120001620104,fab-albato-dark-grey-fp-gvt,gvt,600x600 mm,polished,marble,grey,name,,"floors, walls",floor-tiles | wall-tiles | living-room-tiles | bedroom-tiles | dining-room-tiles | vitrified-tiles,/images/products/fab-albato-dark-grey-fp-gvt.webp
447,Fab Albato Light Grey FP GVT,T31F120001621104,fab-albato-light-grey-fp-gvt,gvt,600x600 mm,polished,marble,grey,name,,"floors, walls",floor-tiles | wall-tiles | living-room-tiles | bedroom-tiles | dining-room-tiles | vitrified-tiles,/images/products/fab-albato-light-grey-fp-gvt.webp
448,Fab Belden Stone Metal Grey GVT,T31F120001073104,fab-belden-stone-metal-grey-gvt,gvt,600x600 mm,matt,stone,grey,name,,"floors, walls",floor-tiles | wall-tiles | kitchen-tiles | living-room-tiles | bedroom-tiles | dining-room-tiles | vitrified-tiles,/images/products/fab-belden-stone-metal-grey-gvt.webp
449,Fab Camus Dark Grey GVT,T31F120001644104,fab-camus-dark-grey-gvt,gvt,600x600 mm,matt,marble,grey,name,,"floors, walls",floor-tiles | wall-tiles | kitchen-tiles | living-room-tiles | bedroom-tiles | dining-room-tiles | vitrified-tiles,/images/products/fab-camus-dark-grey-gvt.webp
450,Fab Camus Light Grey FP GVT,T31F120001093104,fab-camus-light-grey-fp-gvt,gvt,600x600 mm,polished,marble,grey,name,,"floors, walls",floor-tiles | wall-tiles | living-room-tiles | bedroom-tiles | dining-room-tiles | vitrified-tiles,/images/products/fab-camus-light-grey-fp-gvt.webp
451,Fab Casa Aylin Copper GVT,T31F120001657104,fab-casa-aylin-copper-gvt,gvt,600x600 mm,matt,marble,brown,name,,"floors, walls",floor-tiles | wall-tiles | kitchen-tiles | living-room-tiles | bedroom-tiles | dining-room-tiles | vitrified-tiles,/images/products/fab-casa-aylin-copper-gvt.webp
452,Fab Casa Martil Grey GVT,T31F120001654104,fab-casa-martil-grey-gvt,gvt,600x600 mm,matt,marble,grey,name,Fab,"floors, walls",floor-tiles | wall-tiles | kitchen-tiles | living-room-tiles | bedroom-tiles | dining-room-tiles | vitrified-tiles,/images/products/fab-casa-martil-grey-gvt.webp
453,Fab Earth Dark Grey GVT,T31F120001649104,fab-earth-dark-grey-gvt,gvt,600x600 mm,matt,marble,grey,name,,"floors, walls",floor-tiles | wall-tiles | kitchen-tiles | living-room-tiles | bedroom-tiles | dining-room-tiles | vitrified-tiles,/images/products/fab-earth-dark-grey-gvt.webp
454,Fab Elisha Gold FP GVT,T31F120001599104,fab-elisha-gold-fp-gvt,gvt,600x600 mm,polished,marble,gold,name,Fab,"floors, walls",floor-tiles | wall-tiles | living-room-tiles | bedroom-tiles | dining-room-tiles | vitrified-tiles,/images/products/fab-elisha-gold-fp-gvt.webp
455,Fab Escara Grey Light GVT,T31F120001104104,fab-escara-grey-light-gvt,gvt,600x600 mm,matt,marble,grey,name,,"floors, walls",floor-tiles | wall-tiles | kitchen-tiles | living-room-tiles | bedroom-tiles | dining-room-tiles | vitrified-tiles,/images/products/fab-escara-grey-light-gvt.webp
456,Fab Escara Grey Light VC V4 GVT,T31F120001579104,fab-escara-grey-light-vc-v4-gvt,gvt,600x600 mm,matt,marble,grey,name,,"floors, walls",floor-tiles | wall-tiles | kitchen-tiles | living-room-tiles | bedroom-tiles | dining-room-tiles | vitrified-tiles,/images/products/fab-escara-grey-light-vc-v4-gvt.webp
457,Fab Flos Light Grey GVT,T31F120001646104,fab-flos-light-grey-gvt,gvt,600x600 mm,matt,floral,grey,name,,"floors, walls",floor-tiles | wall-tiles | kitchen-tiles | living-room-tiles | bedroom-tiles | dining-room-tiles | vitrified-tiles,/images/products/fab-flos-light-grey-gvt.webp
458,Fab Flos Rosato GVT,T31F120001647104,fab-flos-rosato-gvt,gvt,600x600 mm,matt,floral,pink,name,,"floors, walls",floor-tiles | wall-tiles | kitchen-tiles | living-room-tiles | bedroom-tiles | dining-room-tiles | vitrified-tiles,/images/products/fab-flos-rosato-gvt.webp
459,Fab IMP Adrik Bianco GVT,T31F120001591104,fab-imp-adrik-bianco-gvt,gvt,600x600 mm,matt,marble,white,name,Fab,"floors, walls",floor-tiles | wall-tiles | kitchen-tiles | living-room-tiles | bedroom-tiles | dining-room-tiles | vitrified-tiles,/images/products/fab-imp-adrik-bianco-gvt.webp
460,Fab IMP Anya Ash GVT,T31F120001598104,fab-imp-anya-ash-gvt,gvt,600x600 mm,matt,marble,grey,name,Fab,"floors, walls",floor-tiles | wall-tiles | kitchen-tiles | living-room-tiles | bedroom-tiles | dining-room-tiles | vitrified-tiles,/images/products/fab-imp-anya-ash-gvt.webp
461,Fab IMP Cameron Coffee GVT,T31F120001595104,fab-imp-cameron-coffee-gvt,gvt,600x600 mm,matt,marble,brown,name,Fab,"floors, walls",floor-tiles | wall-tiles | kitchen-tiles | living-room-tiles | bedroom-tiles | dining-room-tiles | vitrified-tiles,/images/products/fab-imp-cameron-coffee-gvt.webp
462,Fab Irish Crema GVT,T31F120001648104,fab-irish-crema-gvt,gvt,600x600 mm,matt,marble,cream,name,,"floors, walls",floor-tiles | wall-tiles | kitchen-tiles | living-room-tiles | bedroom-tiles | dining-room-tiles | vitrified-tiles,/images/products/fab-irish-crema-gvt.webp
463,Fab Sky Albino FP GVT,T31F120001611104,fab-sky-albino-fp-gvt,gvt,600x600 mm,polished,marble,white,name,,"floors, walls",floor-tiles | wall-tiles | living-room-tiles | bedroom-tiles | dining-room-tiles | pooja-room-tiles | vitrified-tiles,/images/products/fab-sky-albino-fp-gvt.webp
464,Fab Teagan Bianco FP GVT,T31F120001610104,fab-teagan-bianco-fp-gvt,gvt,600x600 mm,polished,marble,white,name,,"floors, walls",floor-tiles | wall-tiles | living-room-tiles | bedroom-tiles | dining-room-tiles | pooja-room-tiles | vitrified-tiles,/images/products/fab-teagan-bianco-fp-gvt.webp
465,Fab Teagan Grey FP GVT,T31F120001607104,fab-teagan-grey-fp-gvt,gvt,600x600 mm,polished,marble,grey,name,,"floors, walls",floor-tiles | wall-tiles | living-room-tiles | bedroom-tiles | dining-room-tiles | vitrified-tiles,/images/products/fab-teagan-grey-fp-gvt.webp
466,Fab Terrazo Bianco FP V2 GVT,T31F120001615104,fab-terrazo-bianco-fp-v2-gvt,gvt,600x600 mm,polished,terrazzo,white,name,Fab,"floors, walls",floor-tiles | wall-tiles | living-room-tiles | bedroom-tiles | dining-room-tiles | vitrified-tiles,/images/products/fab-terrazo-bianco-fp-v2-gvt.webp
467,Fab Terrazo Bianco Stone GVT,T31F120001634104,fab-terrazo-bianco-stone-gvt,gvt,600x600 mm,matt,terrazzo,white,name,,"floors, walls",floor-tiles | wall-tiles | kitchen-tiles | living-room-tiles | bedroom-tiles | dining-room-tiles | vitrified-tiles,/images/products/fab-terrazo-bianco-stone-gvt.webp
468,FB Dusky S&P Beige Matt PVT,T23F119000191102,fb-dusky-s-p-beige-matt-pvt,pvt,600x1200 mm,matt,plain,beige,name,Tech Homogenea,"floors, walls",floor-tiles | wall-tiles | kitchen-tiles | living-room-tiles | bedroom-tiles | dining-room-tiles | hallway-tiles | vitrified-tiles | other-tile-areas,/images/products/fb-dusky-s-p-beige-matt-pvt.webp
469,FB Dusky S&P Beige Polish PVT,T23F119000200102,fb-dusky-s-p-beige-polish-pvt,pvt,600x1200 mm,polished,marble,beige,name,Tech Homogenea,"floors, walls",floor-tiles | wall-tiles | bathroom-tiles | living-room-tiles | bedroom-tiles | dining-room-tiles | hallway-tiles | drawing-room-tiles | vitrified-tiles | other-tile-areas,/images/products/fb-dusky-s-p-beige-polish-pvt.webp
470,FB Dusky S&P Crema Matt PVT,T23F119000192102,fb-dusky-s-p-crema-matt-pvt,pvt,600x1200 mm,matt,plain,cream,name,Tech Homogenea,"floors, walls",floor-tiles | wall-tiles | kitchen-tiles | living-room-tiles | bedroom-tiles | dining-room-tiles | hallway-tiles | vitrified-tiles | other-tile-areas,/images/products/fb-dusky-s-p-crema-matt-pvt.webp
471,FB Dusky S&P Light Grey Matt PVT,T23F119000194102,fb-dusky-s-p-light-grey-matt-pvt,pvt,600x1200 mm,matt,plain,grey,name,Tech Homogenea,"floors, walls",floor-tiles | wall-tiles | kitchen-tiles | living-room-tiles | bedroom-tiles | dining-room-tiles | hallway-tiles | vitrified-tiles | other-tile-areas,/images/products/fb-dusky-s-p-light-grey-matt-pvt.webp
472,FB Dusky S&P Light Grey Polish PVT,T23F120000093204,fb-dusky-s-p-light-grey-polish-pvt,pvt,600x600 mm,polished,marble,grey,name,PVT DC Regular,"floors, walls",floor-tiles | wall-tiles | living-room-tiles | bedroom-tiles | dining-room-tiles | hallway-tiles | vitrified-tiles | other-tile-areas,/images/products/fb-dusky-s-p-light-grey-polish-pvt.webp
473,FB Vega Copper Stone PVT,T23F120000116104,fb-vega-copper-stone-pvt,pvt,600x600 mm,matt,stone,brown,name,Lunar,"floors, walls",floor-tiles | wall-tiles | kitchen-tiles | living-room-tiles | bedroom-tiles | dining-room-tiles | hallway-tiles | vitrified-tiles | other-tile-areas,/images/products/fb-vega-copper-stone-pvt.webp
474,Geostone Beige-15 MM HDVT,T41F120000170102,geostone-beige-15-mm-hdvt,hdvt,600x600 mm,matt,stone,beige,name,Stone 16,"floors, walls",floor-tiles | wall-tiles | outdoor-tiles | parking-tiles | vitrified-tiles | other-tile-areas,/images/products/geostone-beige-15-mm-hdvt.webp
475,Glacier White FP GVT,T31F120000007104,glacier-white-fp-gvt,gvt,600x600 mm,polished,marble,white,name,,"floors, walls",floor-tiles | wall-tiles | living-room-tiles | bedroom-tiles | dining-room-tiles | pooja-room-tiles | vitrified-tiles,/images/products/glacier-white-fp-gvt.webp
476,GS Segesta Gold VC GVT,T31F120000824104,gs-segesta-gold-vc-gvt,gvt,600x600 mm,matt,marble,gold,name,,"floors, walls",floor-tiles | wall-tiles | kitchen-tiles | living-room-tiles | bedroom-tiles | dining-room-tiles | vitrified-tiles,/images/products/gs-segesta-gold-vc-gvt.webp
477,GS Solido White VC GVT,T31F120000828104,gs-solido-white-vc-gvt,gvt,600x600 mm,matt,marble,white,name,,"floors, walls",floor-tiles | wall-tiles | kitchen-tiles | living-room-tiles | bedroom-tiles | dining-room-tiles | vitrified-tiles,/images/products/gs-solido-white-vc-gvt.webp
478,Hector Wood Teak GVT,T31F120000055104,hector-wood-teak-gvt,gvt,600x600 mm,matt,wooden,brown,name,,"floors, walls",floor-tiles | wall-tiles | kitchen-tiles | living-room-tiles | bedroom-tiles | dining-room-tiles | vitrified-tiles,/images/products/hector-wood-teak-gvt.webp
479,IMP Ophelia Beige GVT,T31F120001394104,imp-ophelia-beige-gvt,gvt,600x600 mm,matt,marble,beige,name,,"floors, walls",floor-tiles | wall-tiles | kitchen-tiles | living-room-tiles | bedroom-tiles | dining-room-tiles | vitrified-tiles,/images/products/imp-ophelia-beige-gvt.webp
480,Madera Wood GVT,T31F120000104104,madera-wood-gvt,gvt,600x600 mm,matt,wooden,grey,image,,"floors, walls",floor-tiles | wall-tiles | kitchen-tiles | living-room-tiles | bedroom-tiles | dining-room-tiles | vitrified-tiles,/images/products/madera-wood-gvt.webp
481,Moroccan Aleah Fusion GVT,T31H120000001104,moroccan-aleah-fusion-gvt,gvt,600x600 mm,matt,moroccan,grey,image,Moroccan,"floors, walls",floor-tiles | wall-tiles | kitchen-tiles | living-room-tiles | bedroom-tiles | dining-room-tiles | vitrified-tiles,/images/products/moroccan-aleah-fusion-gvt.webp
482,Moroccan Cadin Fusion GVT,T31H120000009104,moroccan-cadin-fusion-gvt,gvt,600x600 mm,matt,moroccan,grey,image,Moroccan,"floors, walls",floor-tiles | wall-tiles | kitchen-tiles | living-room-tiles | bedroom-tiles | dining-room-tiles | vitrified-tiles,/images/products/moroccan-cadin-fusion-gvt.webp
483,Moroccan Idris Grey GVT,T31H120000010104,moroccan-idris-grey-gvt,gvt,600x600 mm,matt,moroccan,grey,name,Moroccan,"floors, walls",floor-tiles | wall-tiles | kitchen-tiles | living-room-tiles | bedroom-tiles | dining-room-tiles | vitrified-tiles,/images/products/moroccan-idris-grey-gvt.webp
484,Moroccan Martin Fusion GVT,T31H120000005104,moroccan-martin-fusion-gvt,gvt,600x600 mm,matt,moroccan,yellow,image,Moroccan,"floors, walls",floor-tiles | wall-tiles | kitchen-tiles | living-room-tiles | bedroom-tiles | dining-room-tiles | vitrified-tiles,/images/products/moroccan-martin-fusion-gvt.webp
485,Moroccan Tiznit Bianco GVT,T31H120000006104,moroccan-tiznit-bianco-gvt,gvt,600x600 mm,matt,moroccan,white,name,Moroccan,"floors, walls",floor-tiles | wall-tiles | kitchen-tiles | living-room-tiles | bedroom-tiles | dining-room-tiles | vitrified-tiles,/images/products/moroccan-tiznit-bianco-gvt.webp
486,Myra Rose FP GVT,T31F120000111104,myra-rose-fp-gvt,gvt,600x600 mm,polished,marble,pink,name,,"floors, walls",floor-tiles | wall-tiles | living-room-tiles | bedroom-tiles | dining-room-tiles | vitrified-tiles,/images/products/myra-rose-fp-gvt.webp
487,Orlando Brown PVT,T23F119000002102,orlando-brown-pvt,pvt,600x1200 mm,matt,marble,brown,name,Tech Homogenea,"floors, walls",floor-tiles | wall-tiles | kitchen-tiles | living-room-tiles | bedroom-tiles | dining-room-tiles | hallway-tiles | vitrified-tiles | other-tile-areas,/images/products/orlando-brown-pvt.webp
488,Pizarra Brown GVT,T31F120000121104,pizarra-brown-gvt,gvt,600x600 mm,matt,stone,brown,name,,"floors, walls",floor-tiles | wall-tiles | kitchen-tiles | living-room-tiles | bedroom-tiles | dining-room-tiles | vitrified-tiles,/images/products/pizarra-brown-gvt.webp
489,Plazo Beige GVT,T31F120000122104,plazo-beige-gvt,gvt,600x600 mm,matt,marble,beige,name,,"floors, walls",floor-tiles | wall-tiles | kitchen-tiles | living-room-tiles | bedroom-tiles | dining-room-tiles | vitrified-tiles,/images/products/plazo-beige-gvt.webp
490,Plazo Bianco GVT,T31F120000123104,plazo-bianco-gvt,gvt,600x600 mm,matt,marble,white,name,,"floors, walls",floor-tiles | wall-tiles | kitchen-tiles | living-room-tiles | bedroom-tiles | dining-room-tiles | vitrified-tiles,/images/products/plazo-bianco-gvt.webp
491,Repliq Engravo Coliseum Dark Grey GVT,T31F120001227104,repliq-engravo-coliseum-dark-grey-gvt,gvt,600x600 mm,carving,marble,grey,name,Tesoro,"floors, walls",floor-tiles | wall-tiles | kitchen-tiles | living-room-tiles | bedroom-tiles | dining-room-tiles | vitrified-tiles,/images/products/repliq-engravo-coliseum-dark-grey-gvt.webp
492,Robusto Cotta Green PVT,T23F119000051102,robusto-cotta-green-pvt,pvt,600x1200 mm,matt,marble,green,name,Tech Homogenea,"floors, walls",floor-tiles | wall-tiles | kitchen-tiles | living-room-tiles | bedroom-tiles | dining-room-tiles | hallway-tiles | vitrified-tiles | other-tile-areas,/images/products/robusto-cotta-green-pvt.webp
493,Robusto Graphite PVT,T23F119000053102,robusto-graphite-pvt,pvt,600x1200 mm,matt,marble,grey,name,Tech Homogenea,"floors, walls",floor-tiles | wall-tiles | kitchen-tiles | living-room-tiles | bedroom-tiles | dining-room-tiles | hallway-tiles | vitrified-tiles | other-tile-areas,/images/products/robusto-graphite-pvt.webp
494,Rocken Grey Light GVT,T31F120001003104,rocken-grey-light-gvt,gvt,600x600 mm,matt,stone,grey,name,Rocken,"floors, walls",floor-tiles | wall-tiles | kitchen-tiles | living-room-tiles | bedroom-tiles | dining-room-tiles | vitrified-tiles,/images/products/rocken-grey-light-gvt.webp
495,Rossalia FP GVT,T31F120000140104,rossalia-fp-gvt,gvt,600x600 mm,polished,marble,pink,name,,"floors, walls",floor-tiles | wall-tiles | living-room-tiles | bedroom-tiles | dining-room-tiles | vitrified-tiles,/images/products/rossalia-fp-gvt.webp
496,Segesta Gold FP GVT,T31F120000222104,segesta-gold-fp-gvt,gvt,600x600 mm,polished,marble,gold,name,,"floors, walls",floor-tiles | wall-tiles | living-room-tiles | bedroom-tiles | dining-room-tiles | vitrified-tiles,/images/products/segesta-gold-fp-gvt.webp
497,Statuario FP GVT,T31F120000157104,statuario-fp-gvt,gvt,600x600 mm,polished,statuario,white,name,,"floors, walls",floor-tiles | wall-tiles | living-room-tiles | bedroom-tiles | dining-room-tiles | pooja-room-tiles | vitrified-tiles,/images/products/statuario-fp-gvt.webp
498,Tuscan Stone Brown GVT,T31F120000797104,tuscan-stone-brown-gvt,gvt,600x600 mm,matt,stone,brown,name,,"floors, walls",floor-tiles | wall-tiles | kitchen-tiles | living-room-tiles | bedroom-tiles | dining-room-tiles | vitrified-tiles,/images/products/tuscan-stone-brown-gvt.webp
499,Valor Brittstone Beige GVT,T31F120000659104,valor-brittstone-beige-gvt,gvt,600x600 mm,matt,stone,beige,name,Valor,"floors, walls",floor-tiles | wall-tiles | kitchen-tiles | living-room-tiles | bedroom-tiles | dining-room-tiles | vitrified-tiles,/images/products/valor-brittstone-beige-gvt.webp
500,Valor Crayon Negro GVT,T31F120000705104,valor-crayon-negro-gvt,gvt,600x600 mm,matt,marble,black,name,Valor,"floors, walls",floor-tiles | wall-tiles | kitchen-tiles | living-room-tiles | bedroom-tiles | dining-room-tiles | vitrified-tiles,/images/products/valor-crayon-negro-gvt.webp
501,Valor Daino Beige GVT,T31F120000741104,valor-daino-beige-gvt,gvt,600x600 mm,matt,marble,beige,name,Valor,"floors, walls",floor-tiles | wall-tiles | kitchen-tiles | living-room-tiles | bedroom-tiles | dining-room-tiles | vitrified-tiles,/images/products/valor-daino-beige-gvt.webp
502,Valor Elios Light FP GVT,T31F120000635104,valor-elios-light-fp-gvt,gvt,600x600 mm,polished,marble,grey,image,,"floors, walls",floor-tiles | wall-tiles | living-room-tiles | bedroom-tiles | dining-room-tiles | vitrified-tiles,/images/products/valor-elios-light-fp-gvt.webp
503,Valor Ethos Beige GVT,T31F120000636104,valor-ethos-beige-gvt,gvt,600x600 mm,matt,marble,beige,name,Valor,"floors, walls",floor-tiles | wall-tiles | kitchen-tiles | living-room-tiles | bedroom-tiles | dining-room-tiles | vitrified-tiles,/images/products/valor-ethos-beige-gvt.webp
504,Valor Grefine Mushroom GVT,T31F120001194104,valor-grefine-mushroom-gvt,gvt,600x600 mm,matt,marble,beige,name,,"floors, walls",floor-tiles | wall-tiles | kitchen-tiles | living-room-tiles | bedroom-tiles | dining-room-tiles | vitrified-tiles,/images/products/valor-grefine-mushroom-gvt.webp
505,Valor Gritstone Dark Grey RT GVT,T31F120001198104,valor-gritstone-dark-grey-rt-gvt,gvt,600x600 mm,rustic,stone,grey,name,,"floors, walls",floor-tiles | wall-tiles | kitchen-tiles | living-room-tiles | bedroom-tiles | dining-room-tiles | vitrified-tiles,/images/products/valor-gritstone-dark-grey-rt-gvt.webp
506,Valor Gritstone Light Grey RT GVT,T31F120001199104,valor-gritstone-light-grey-rt-gvt,gvt,600x600 mm,rustic,stone,grey,name,,"floors, walls",floor-tiles | wall-tiles | kitchen-tiles | living-room-tiles | bedroom-tiles | dining-room-tiles | vitrified-tiles,/images/products/valor-gritstone-light-grey-rt-gvt.webp
507,Valor Jurassic Light Grey FP GVT,T31F120000749104,valor-jurassic-light-grey-fp-gvt,gvt,600x600 mm,polished,marble,grey,name,Valor,"floors, walls",floor-tiles | wall-tiles | living-room-tiles | bedroom-tiles | dining-room-tiles | vitrified-tiles,/images/products/valor-jurassic-light-grey-fp-gvt.webp
508,Valor Liston Grey Dark GVT,T31F120000671104,valor-liston-grey-dark-gvt,gvt,600x600 mm,matt,marble,grey,name,Valor,"floors, walls",floor-tiles | wall-tiles | kitchen-tiles | living-room-tiles | bedroom-tiles | dining-room-tiles | vitrified-tiles,/images/products/valor-liston-grey-dark-gvt.webp
509,Valor Madera Wood GVT,T31F120000812104,valor-madera-wood-gvt,gvt,600x600 mm,matt,wooden,brown,image,Valor,"floors, walls",floor-tiles | wall-tiles | kitchen-tiles | living-room-tiles | bedroom-tiles | dining-room-tiles | vitrified-tiles,/images/products/valor-madera-wood-gvt.webp
510,Valor Met Dark Grey GVT,T31F120001202104,valor-met-dark-grey-gvt,gvt,600x600 mm,matt,marble,grey,name,,"floors, walls",floor-tiles | wall-tiles | kitchen-tiles | living-room-tiles | bedroom-tiles | dining-room-tiles | vitrified-tiles,/images/products/valor-met-dark-grey-gvt.webp
511,Valor Mortar Gris GVT,T31F120000688104,valor-mortar-gris-gvt,gvt,600x600 mm,matt,concrete,grey,name,Valor,"floors, walls",floor-tiles | wall-tiles | kitchen-tiles | living-room-tiles | bedroom-tiles | dining-room-tiles | vitrified-tiles,/images/products/valor-mortar-gris-gvt.webp
512,Valor Solido Cement Grey GVT,T31F120000712104,valor-solido-cement-grey-gvt,gvt,600x600 mm,matt,concrete,grey,name,Valor,"floors, walls",floor-tiles | wall-tiles | kitchen-tiles | living-room-tiles | bedroom-tiles | dining-room-tiles | vitrified-tiles,/images/products/valor-solido-cement-grey-gvt.webp
513,Valor Statuario FP GVT,T31F120000756104,valor-statuario-fp-gvt,gvt,600x600 mm,polished,statuario,white,name,Valor,"floors, walls",floor-tiles | wall-tiles | living-room-tiles | bedroom-tiles | dining-room-tiles | pooja-room-tiles | vitrified-tiles,/images/products/valor-statuario-fp-gvt.webp
514,Vista Lak Grey Matt Ceramic,T12F120000639104,vista-lak-grey-matt-ceramic,ceramic,600x600 mm,matt,marble,grey,name,Digital,"floors, walls",floor-tiles | wall-tiles | kitchen-tiles | living-room-tiles | bedroom-tiles | dining-room-tiles | ceramic-tiles,/images/products/vista-lak-grey-matt-ceramic.webp
515,Accule Dark Ceramic,T11W113000701105,accule-dark-ceramic,ceramic,300x600 mm,glossy,digital,grey,image,,walls,wall-tiles | kitchen-tiles | bathroom-tiles | ceramic-tiles,/images/products/accule-dark-ceramic.webp
516,Accule HL 01 Ceramic,T11H113000391105,accule-hl-01-ceramic,ceramic,300x600 mm,glossy,highlighter,grey,image,,walls,wall-tiles | kitchen-tiles | bathroom-tiles | ceramic-tiles,/images/products/accule-hl-01-ceramic.webp
517,Accule Light Ceramic,T11W113000700105,accule-light-ceramic,ceramic,300x600 mm,glossy,digital,grey,image,Glosstra Plus,walls,wall-tiles | kitchen-tiles | bathroom-tiles | ceramic-tiles,/images/products/accule-light-ceramic.webp
518,Agua HL-01 Ceramic,T11H113000897105,agua-hl-01-ceramic,ceramic,300x600 mm,glossy,highlighter,blue,image,Glosstra,walls,wall-tiles | kitchen-tiles | bathroom-tiles | ceramic-tiles,/images/products/agua-hl-01-ceramic.webp
519,Albris Grey GVT,T31W113000172106,albris-grey-gvt,gvt,300x600 mm,matt,marble,grey,name,,"floors, walls",floor-tiles | wall-tiles | living-room-tiles | bedroom-tiles | dining-room-tiles | vitrified-tiles,/images/products/albris-grey-gvt.webp
520,Azzaro Beige Ceramic,T11W113000170105,azzaro-beige-ceramic,ceramic,300x600 mm,glossy,digital,beige,name,,walls,wall-tiles | kitchen-tiles | bathroom-tiles | ceramic-tiles,/images/products/azzaro-beige-ceramic.webp
521,Azzaro Beige HL 01 Ceramic,T11H113000298105,azzaro-beige-hl-01-ceramic,ceramic,300x600 mm,glossy,highlighter,beige,name,,walls,wall-tiles | kitchen-tiles | bathroom-tiles | ceramic-tiles,/images/products/azzaro-beige-hl-01-ceramic.webp
522,Azzaro Beige HL-01 Ceramic,T11H113000059106,azzaro-beige-hl-01-ceramic-t11h113000059106,ceramic,300x600 mm,glossy,highlighter,beige,name,,walls,wall-tiles | kitchen-tiles | bathroom-tiles | ceramic-tiles,/images/products/azzaro-beige-hl-01-ceramic-t11h113000059106.webp
523,Azzaro Crema Ceramic,T11W113000171105,azzaro-crema-ceramic,ceramic,300x600 mm,glossy,digital,cream,name,Glosstra,walls,wall-tiles | kitchen-tiles | bathroom-tiles | ceramic-tiles,/images/products/azzaro-crema-ceramic.webp
524,Baro Blair Grey GVT,T31W113000470105,baro-blair-grey-gvt,gvt,300x600 mm,matt,marble,grey,name,Cladstone,"floors, walls",floor-tiles | wall-tiles | living-room-tiles | bedroom-tiles | dining-room-tiles | outdoor-tiles | vitrified-tiles | stone-brick-cladding,/images/products/baro-blair-grey-gvt.webp
525,Canmore HL-01 Ceramic,T11H113000677105,canmore-hl-01-ceramic,ceramic,300x600 mm,glossy,highlighter,grey,image,,walls,wall-tiles | kitchen-tiles | bathroom-tiles | ceramic-tiles,/images/products/canmore-hl-01-ceramic.webp
526,Captor Bianco Ceramic,T11W113001231105,captor-bianco-ceramic,ceramic,300x600 mm,glossy,digital,white,name,,walls,wall-tiles | kitchen-tiles | bathroom-tiles | ceramic-tiles,/images/products/captor-bianco-ceramic.webp
527,Celia Bianco Ceramic,T11W113001354105,celia-bianco-ceramic,ceramic,300x600 mm,glossy,digital,white,name,Glosstra Plus,walls,wall-tiles | kitchen-tiles | bathroom-tiles | ceramic-tiles,/images/products/celia-bianco-ceramic.webp
528,Celia Black Ceramic,T11W113001355105,celia-black-ceramic,ceramic,300x600 mm,glossy,digital,black,name,Glosstra Plus,walls,wall-tiles | kitchen-tiles | bathroom-tiles | ceramic-tiles,/images/products/celia-black-ceramic.webp
529,Celia HL 01 Ceramic,T11H113000821105,celia-hl-01-ceramic,ceramic,300x600 mm,glossy,highlighter,grey,image,,walls,wall-tiles | kitchen-tiles | bathroom-tiles | ceramic-tiles,/images/products/celia-hl-01-ceramic.webp
530,Claro Slate Ivory GVT,T31W113000267106,claro-slate-ivory-gvt,gvt,300x600 mm,matt,stone,ivory,name,Claro,"floors, walls",floor-tiles | wall-tiles | living-room-tiles | bedroom-tiles | dining-room-tiles | vitrified-tiles,/images/products/claro-slate-ivory-gvt.webp
531,Clone HL 01 Ceramic,T11H113000077105,clone-hl-01-ceramic,ceramic,300x600 mm,glossy,highlighter,grey,image,,walls,wall-tiles | kitchen-tiles | bathroom-tiles | ceramic-tiles,/images/products/clone-hl-01-ceramic.webp
532,Cobble Beige GVT,T31W113000151106,cobble-beige-gvt,gvt,300x600 mm,matt,stone,beige,name,,"floors, walls",floor-tiles | wall-tiles | living-room-tiles | bedroom-tiles | dining-room-tiles | vitrified-tiles,/images/products/cobble-beige-gvt.webp
533,Denso Beige Ceramic,T11W113002597105,denso-beige-ceramic,ceramic,300x600 mm,glossy,digital,beige,name,Vistoso,walls,wall-tiles | kitchen-tiles | bathroom-tiles | ceramic-tiles,/images/products/denso-beige-ceramic.webp
534,Denso Grey Ceramic,T11W113002593105,denso-grey-ceramic,ceramic,300x600 mm,glossy,digital,grey,name,Vistoso,walls,wall-tiles | kitchen-tiles | bathroom-tiles | ceramic-tiles,/images/products/denso-grey-ceramic.webp
535,Denso Light Grey Ceramic,T11W113002595105,denso-light-grey-ceramic,ceramic,300x600 mm,glossy,digital,grey,name,Vistoso,walls,wall-tiles | kitchen-tiles | bathroom-tiles | ceramic-tiles,/images/products/denso-light-grey-ceramic.webp
536,Denso Olive Ceramic,T11W113002643105,denso-olive-ceramic,ceramic,300x600 mm,glossy,digital,green,name,Glosstra Plus,walls,wall-tiles | kitchen-tiles | bathroom-tiles | ceramic-tiles,/images/products/denso-olive-ceramic.webp
537,Diamante Black Ceramic,T11W113001336105,diamante-black-ceramic,ceramic,300x600 mm,glossy,digital,black,name,,walls,wall-tiles | kitchen-tiles | bathroom-tiles | ceramic-tiles,/images/products/diamante-black-ceramic.webp
538,Elmalo HL 01 Ceramic,T11H113000370105,elmalo-hl-01-ceramic,ceramic,300x600 mm,glossy,highlighter,grey,image,,walls,wall-tiles | kitchen-tiles | bathroom-tiles | ceramic-tiles,/images/products/elmalo-hl-01-ceramic.webp
539,Elya Blue Ceramic,T11W113002690105,elya-blue-ceramic,ceramic,300x600 mm,glossy,digital,blue,name,Glosstra Plus,walls,wall-tiles | kitchen-tiles | bathroom-tiles | ceramic-tiles,/images/products/elya-blue-ceramic.webp
540,Emerald Stone Grey GVT,T31W113000416106,emerald-stone-grey-gvt,gvt,300x600 mm,matt,stone,grey,name,,"floors, walls",floor-tiles | wall-tiles | living-room-tiles | bedroom-tiles | dining-room-tiles | vitrified-tiles,/images/products/emerald-stone-grey-gvt.webp
541,Felsen Grey GVT,T31W113000158106,felsen-grey-gvt,gvt,300x600 mm,matt,stone,grey,name,,"floors, walls",floor-tiles | wall-tiles | living-room-tiles | bedroom-tiles | dining-room-tiles | vitrified-tiles,/images/products/felsen-grey-gvt.webp
542,Floruit Dark Ceramic,T11W113001605105,floruit-dark-ceramic,ceramic,300x600 mm,glossy,floral,grey,image,,walls,wall-tiles | kitchen-tiles | bathroom-tiles | ceramic-tiles,/images/products/floruit-dark-ceramic.webp
543,Floruit HL 01 Ceramic,T11H113000971105,floruit-hl-01-ceramic,ceramic,300x600 mm,glossy,floral,grey,image,,walls,wall-tiles | kitchen-tiles | bathroom-tiles | ceramic-tiles,/images/products/floruit-hl-01-ceramic.webp
544,Floruit Light Ceramic,T11W113001604105,floruit-light-ceramic,ceramic,300x600 mm,glossy,floral,grey,image,,walls,wall-tiles | kitchen-tiles | bathroom-tiles | ceramic-tiles,/images/products/floruit-light-ceramic.webp
545,Fornodo Grey Dark GVT,T31W113000159106,fornodo-grey-dark-gvt,gvt,300x600 mm,matt,marble,grey,name,,"floors, walls",floor-tiles | wall-tiles | living-room-tiles | bedroom-tiles | dining-room-tiles | vitrified-tiles,/images/products/fornodo-grey-dark-gvt.webp
546,Glanz Albris Gris GVT,T31W113000216106,glanz-albris-gris-gvt,gvt,300x600 mm,matt,marble,grey,name,,"floors, walls",floor-tiles | wall-tiles | living-room-tiles | bedroom-tiles | dining-room-tiles | vitrified-tiles,/images/products/glanz-albris-gris-gvt.webp
547,Justin Light Ceramic,T11W113001238105,justin-light-ceramic,ceramic,300x600 mm,glossy,digital,brown,image,,walls,wall-tiles | kitchen-tiles | bathroom-tiles | ceramic-tiles,/images/products/justin-light-ceramic.webp
548,Kalahari Kenzia Beige GVT,T31W113000350104,kalahari-kenzia-beige-gvt,gvt,300x600 mm,matt,marble,beige,name,,"floors, walls",floor-tiles | wall-tiles | living-room-tiles | bedroom-tiles | dining-room-tiles | vitrified-tiles,/images/products/kalahari-kenzia-beige-gvt.webp
549,Kalahari Kenzia Cotto GVT,T31W113000346104,kalahari-kenzia-cotto-gvt,gvt,300x600 mm,matt,marble,terracotta,name,,"floors, walls",floor-tiles | wall-tiles | living-room-tiles | bedroom-tiles | dining-room-tiles | vitrified-tiles,/images/products/kalahari-kenzia-cotto-gvt.webp
550,Kalahari Kenzia Mushroom GVT,T31W113000347104,kalahari-kenzia-mushroom-gvt,gvt,300x600 mm,matt,marble,beige,name,,"floors, walls",floor-tiles | wall-tiles | living-room-tiles | bedroom-tiles | dining-room-tiles | vitrified-tiles,/images/products/kalahari-kenzia-mushroom-gvt.webp
551,Kalahari Lambris Gris GVT,T31W113000352104,kalahari-lambris-gris-gvt,gvt,300x600 mm,matt,wooden,grey,name,,"floors, walls",floor-tiles | wall-tiles | living-room-tiles | bedroom-tiles | dining-room-tiles | vitrified-tiles,/images/products/kalahari-lambris-gris-gvt.webp
552,Kalahari Pietra Gris GVT,T31W113000408104,kalahari-pietra-gris-gvt,gvt,300x600 mm,matt,stone,grey,name,,"floors, walls",floor-tiles | wall-tiles | living-room-tiles | bedroom-tiles | dining-room-tiles | vitrified-tiles,/images/products/kalahari-pietra-gris-gvt.webp
553,Kalahari Pietra Nero GVT,T31W113000407104,kalahari-pietra-nero-gvt,gvt,300x600 mm,matt,stone,black,name,,"floors, walls",floor-tiles | wall-tiles | living-room-tiles | bedroom-tiles | dining-room-tiles | vitrified-tiles,/images/products/kalahari-pietra-nero-gvt.webp
554,Ohio Stone Grey GVT,T31W113000422106,ohio-stone-grey-gvt,gvt,300x600 mm,matt,stone,grey,name,,"floors, walls",floor-tiles | wall-tiles | living-room-tiles | bedroom-tiles | dining-room-tiles | vitrified-tiles,/images/products/ohio-stone-grey-gvt.webp
555,Ornela Gold Ceramic,T11W113002677105,ornela-gold-ceramic,ceramic,300x600 mm,glossy,digital,gold,name,Glosstra Plus,walls,wall-tiles | kitchen-tiles | bathroom-tiles | ceramic-tiles,/images/products/ornela-gold-ceramic.webp
556,Panelo Rust GVT,T31W113000315106,panelo-rust-gvt,gvt,300x600 mm,matt,wooden,brown,name,,"floors, walls",floor-tiles | wall-tiles | living-room-tiles | bedroom-tiles | dining-room-tiles | vitrified-tiles,/images/products/panelo-rust-gvt.webp
557,Prato Ripon Black GVT,T31W113000453105,prato-ripon-black-gvt,gvt,300x600 mm,matt,marble,black,name,Cladstone,"floors, walls",floor-tiles | wall-tiles | living-room-tiles | bedroom-tiles | dining-room-tiles | outdoor-tiles | vitrified-tiles | stone-brick-cladding,/images/products/prato-ripon-black-gvt.webp
558,Rodano Grey GVT,T31W113000317106,rodano-grey-gvt,gvt,300x600 mm,matt,marble,grey,name,,"floors, walls",floor-tiles | wall-tiles | living-room-tiles | bedroom-tiles | dining-room-tiles | vitrified-tiles,/images/products/rodano-grey-gvt.webp
559,Sierra Grey Dark Ceramic,T11W113000400105,sierra-grey-dark-ceramic,ceramic,300x600 mm,glossy,digital,grey,name,,walls,wall-tiles | kitchen-tiles | bathroom-tiles | ceramic-tiles,/images/products/sierra-grey-dark-ceramic.webp
560,Sierra Grey HL-01 Ceramic,T11H113000240106,sierra-grey-hl-01-ceramic,ceramic,300x600 mm,glossy,highlighter,grey,name,,walls,wall-tiles | kitchen-tiles | bathroom-tiles | ceramic-tiles,/images/products/sierra-grey-hl-01-ceramic.webp
561,Siren Black Ceramic,T11W113002384105,siren-black-ceramic,ceramic,300x600 mm,glossy,digital,black,name,,walls,wall-tiles | kitchen-tiles | bathroom-tiles | ceramic-tiles,/images/products/siren-black-ceramic.webp
562,Strident Brown GVT,T31W113000165106,strident-brown-gvt,gvt,300x600 mm,matt,marble,brown,name,,"floors, walls",floor-tiles | wall-tiles | living-room-tiles | bedroom-tiles | dining-room-tiles | vitrified-tiles,/images/products/strident-brown-gvt.webp
563,Vesta Light Ceramic,T11W113001229105,vesta-light-ceramic,ceramic,300x600 mm,glossy,digital,grey,image,,walls,wall-tiles | kitchen-tiles | bathroom-tiles | ceramic-tiles,/images/products/vesta-light-ceramic.webp
564,Vivo Calcutta Silk GVT,T31W113000012105,vivo-calcutta-silk-gvt,gvt,300x600 mm,matt,marble,white,name,Vivo,"floors, walls",floor-tiles | wall-tiles | living-room-tiles | bedroom-tiles | dining-room-tiles | vitrified-tiles,/images/products/vivo-calcutta-silk-gvt.webp
565,Vivo Calcutta Silk GVT,T31W113000012106,vivo-calcutta-silk-gvt-t31w113000012106,gvt,300x600 mm,matt,marble,white,name,Vivo,walls,wall-tiles | vitrified-tiles,/images/products/vivo-calcutta-silk-gvt-t31w113000012106.webp
566,Vivo Lucido Byron Decor 01 GVT,T31H113000114105,vivo-lucido-byron-decor-01-gvt,gvt,300x600 mm,high-gloss,highlighter,grey,image,Vivo,"floors, walls",floor-tiles | wall-tiles | living-room-tiles | bedroom-tiles | dining-room-tiles | vitrified-tiles,/images/products/vivo-lucido-byron-decor-01-gvt.webp
567,Vivo Lucido Byron Decor 01 GVT,T31H113000114108,vivo-lucido-byron-decor-01-gvt-t31h113000114108,gvt,300x600 mm,high-gloss,highlighter,grey,image,Vivo,"floors, walls",floor-tiles | wall-tiles | living-room-tiles | bedroom-tiles | dining-room-tiles | vitrified-tiles,/images/products/vivo-lucido-byron-decor-01-gvt-t31h113000114108.webp
568,Vivo Lucido Paladio Bronce GVT,T31W113000167105,vivo-lucido-paladio-bronce-gvt,gvt,300x600 mm,high-gloss,marble,brown,name,Vivo,"floors, walls",floor-tiles | wall-tiles | living-room-tiles | bedroom-tiles | dining-room-tiles | vitrified-tiles,/images/products/vivo-lucido-paladio-bronce-gvt.webp
569,Vivo Plazo Beige GVT,T31W113000050106,vivo-plazo-beige-gvt,gvt,300x600 mm,matt,marble,beige,name,Vivo,"floors, walls",floor-tiles | wall-tiles | living-room-tiles | bedroom-tiles | dining-room-tiles | vitrified-tiles,/images/products/vivo-plazo-beige-gvt.webp
570,Vivo Plazo Beige GVT,T31W113000050105,vivo-plazo-beige-gvt-t31w113000050105,gvt,300x600 mm,matt,marble,beige,name,Vivo,"floors, walls",floor-tiles | wall-tiles | living-room-tiles | bedroom-tiles | dining-room-tiles | vitrified-tiles,/images/products/vivo-plazo-beige-gvt-t31w113000050105.webp
571,Vivo Raylie Decor FP GVT,T31H113000121105,vivo-raylie-decor-fp-gvt,gvt,300x600 mm,polished,highlighter,beige,image,Vivo,"floors, walls",floor-tiles | wall-tiles | living-room-tiles | bedroom-tiles | dining-room-tiles | vitrified-tiles,/images/products/vivo-raylie-decor-fp-gvt.webp
572,Sanford Brown Ceramic,T11W246000009110,sanford-brown-ceramic,ceramic,,glossy,digital,brown,name,Novaclad,walls,wall-tiles | outdoor-tiles | ceramic-tiles | stone-brick-cladding,/images/products/sanford-brown-ceramic.webp
573,Alanzo Dark Ceramic,T11W111000861106,alanzo-dark-ceramic,ceramic,300x450 mm,glossy,digital,brown,image,,walls,wall-tiles | kitchen-tiles | bathroom-tiles | ceramic-tiles,/images/products/alanzo-dark-ceramic.webp
574,Alanzo HL01 Ceramic,T11H111000322106,alanzo-hl01-ceramic,ceramic,300x450 mm,glossy,highlighter,brown,image,,walls,wall-tiles | kitchen-tiles | bathroom-tiles | ceramic-tiles,/images/products/alanzo-hl01-ceramic.webp
575,Alanzo Light Ceramic,T11W111000860106,alanzo-light-ceramic,ceramic,300x450 mm,glossy,digital,brown,image,,walls,wall-tiles | kitchen-tiles | bathroom-tiles | ceramic-tiles,/images/products/alanzo-light-ceramic.webp
576,Calidon Light Grey Ceramic,T11W111001499105,calidon-light-grey-ceramic,ceramic,300x450 mm,glossy,digital,grey,name,Clador,walls,wall-tiles | outdoor-tiles | ceramic-tiles | stone-brick-cladding,/images/products/calidon-light-grey-ceramic.webp
577,Fraco Azure Ceramic,T11W111000724106,fraco-azure-ceramic,ceramic,300x450 mm,glossy,digital,blue,name,,walls,wall-tiles | kitchen-tiles | bathroom-tiles | ceramic-tiles,/images/products/fraco-azure-ceramic.webp
578,Rainbow Ceramic,T11W111000312106,rainbow-ceramic,ceramic,300x450 mm,glossy,digital,grey,image,,walls,wall-tiles | kitchen-tiles | bathroom-tiles | ceramic-tiles,/images/products/rainbow-ceramic.webp
579,Santo Crema Ceramic,T11W111000679106,santo-crema-ceramic,ceramic,300x450 mm,glossy,digital,cream,name,Glosstra,walls,wall-tiles | kitchen-tiles | bathroom-tiles | ceramic-tiles,/images/products/santo-crema-ceramic.webp
580,Summer Brown Dark Ceramic,T11W111000172106,summer-brown-dark-ceramic,ceramic,300x450 mm,glossy,digital,brown,name,Glosstra,walls,wall-tiles | kitchen-tiles | bathroom-tiles | ceramic-tiles,/images/products/summer-brown-dark-ceramic.webp
581,Yana Dark Ceramic,T11W111001643106,yana-dark-ceramic,ceramic,300x450 mm,glossy,digital,grey,image,,walls,wall-tiles | kitchen-tiles | bathroom-tiles | ceramic-tiles,/images/products/yana-dark-ceramic.webp
582,Vibe Culto Blue GVT,T31F107000022110,vibe-culto-blue-gvt,gvt,300x300 mm,matt,marble,blue,name,Vibe,"floors, walls",floor-tiles | wall-tiles | bathroom-tiles | outdoor-tiles | vitrified-tiles,/images/products/vibe-culto-blue-gvt.webp
583,Vibe Mozart Gris GVT,T31F107000019110,vibe-mozart-gris-gvt,gvt,300x300 mm,matt,marble,grey,name,Vibe,"floors, walls",floor-tiles | wall-tiles | bathroom-tiles | outdoor-tiles | vitrified-tiles,/images/products/vibe-mozart-gris-gvt.webp
584,Vibe Niles Fusion GVT,T31F107000020110,vibe-niles-fusion-gvt,gvt,300x300 mm,matt,marble,brown,image,Vibe,"floors, walls",floor-tiles | wall-tiles | bathroom-tiles | outdoor-tiles | vitrified-tiles,/images/products/vibe-niles-fusion-gvt.webp
585,Vibe Tessuto Brown GVT,T31H107000006110,vibe-tessuto-brown-gvt,gvt,300x300 mm,matt,marble,brown,name,,"floors, walls",floor-tiles | wall-tiles | bathroom-tiles | outdoor-tiles | vitrified-tiles,/images/products/vibe-tessuto-brown-gvt.webp
586,Naples Crema Lucido Italmarmi,T51W170000102624,naples-crema-lucido-italmarmi,italmarmi,,high-gloss,pattern,cream,name,Rivestimento Di Artistico,walls,wall-tiles | kitchen-tiles | bathroom-tiles,/images/products/naples-crema-lucido-italmarmi.webp
587,Naples Ice Lucido Italmarmi,T51W170000104624,naples-ice-lucido-italmarmi,italmarmi,,high-gloss,pattern,white,name,Rivestimento Di Artistico,walls,wall-tiles | kitchen-tiles | bathroom-tiles,/images/products/naples-ice-lucido-italmarmi.webp
588,Naples Lara Lustro Italmarmi,T51W170000004624,naples-lara-lustro-italmarmi,italmarmi,,high-gloss,pattern,grey,image,Rivestimento Di Artistico,walls,wall-tiles | kitchen-tiles | bathroom-tiles,/images/products/naples-lara-lustro-italmarmi.webp
589,Naples Ocre Lucido Italmarmi,T51W170000106624,naples-ocre-lucido-italmarmi,italmarmi,,high-gloss,pattern,yellow,name,Rivestimento Di Artistico,walls,wall-tiles | kitchen-tiles | bathroom-tiles,/images/products/naples-ocre-lucido-italmarmi.webp
590,Kalahari Elite Deco Tiguan Grey GVT,T31F220000004108,kalahari-elite-deco-tiguan-grey-gvt,gvt,300x300 mm,matt,highlighter,grey,name,,"floors, walls",floor-tiles | wall-tiles | bathroom-tiles | outdoor-tiles | parking-tiles | vitrified-tiles,/images/products/kalahari-elite-deco-tiguan-grey-gvt.webp
591,Kalahari Elite Deco Virtus Brown GVT,T31F220000002108,kalahari-elite-deco-virtus-brown-gvt,gvt,300x300 mm,matt,highlighter,brown,name,,"floors, walls",floor-tiles | wall-tiles | bathroom-tiles | outdoor-tiles | parking-tiles | vitrified-tiles,/images/products/kalahari-elite-deco-virtus-brown-gvt.webp
592,Dazzle White Italmarmi,T51W151000057615,dazzle-white-italmarmi,italmarmi,,matt,pattern,white,name,Artigiano,"floors, walls",floor-tiles | wall-tiles | kitchen-tiles | bathroom-tiles | living-room-tiles | bedroom-tiles | dining-room-tiles,/images/products/dazzle-white-italmarmi.webp
593,Engravo Doria Mosaico Natural Italmarmi,T51W151000047615,engravo-doria-mosaico-natural-italmarmi,italmarmi,,carving,mosaic,beige,name,Artigiano,"floors, walls",floor-tiles | wall-tiles | kitchen-tiles | bathroom-tiles | living-room-tiles | bedroom-tiles | dining-room-tiles,/images/products/engravo-doria-mosaico-natural-italmarmi.webp
594,Engravo Oxide Ethnic Copper Italmarmi,T51W151000050615,engravo-oxide-ethnic-copper-italmarmi,italmarmi,,carving,pattern,brown,name,Artigiano,"floors, walls",floor-tiles | wall-tiles | kitchen-tiles | bathroom-tiles | living-room-tiles | bedroom-tiles | dining-room-tiles,/images/products/engravo-oxide-ethnic-copper-italmarmi.webp
595,Engravo Sonoro Wood Italmarmi,T51W151000049615,engravo-sonoro-wood-italmarmi,italmarmi,,carving,wooden,grey,image,Artigiano,"floors, walls",floor-tiles | wall-tiles | kitchen-tiles | bathroom-tiles | living-room-tiles | bedroom-tiles | dining-room-tiles,/images/products/engravo-sonoro-wood-italmarmi.webp
596,Grit Cassius Slate Grey Italmarmi,T51W151000072615,grit-cassius-slate-grey-italmarmi,italmarmi,,rustic,stone,grey,name,Artigiano,"floors, walls",floor-tiles | wall-tiles | kitchen-tiles | bathroom-tiles | living-room-tiles | bedroom-tiles | dining-room-tiles,/images/products/grit-cassius-slate-grey-italmarmi.webp
597,Modella Nero Italmarmi,T51W151000048615,modella-nero-italmarmi,italmarmi,,matt,pattern,black,name,Artigiano,"floors, walls",floor-tiles | wall-tiles | kitchen-tiles | bathroom-tiles | living-room-tiles | bedroom-tiles | dining-room-tiles,/images/products/modella-nero-italmarmi.webp
598,Firenza Paisley Granella Italmarmi,T51W254000064625,firenza-paisley-granella-italmarmi,italmarmi,,matt,floral,grey,image,Rivestimento Di Artistico,walls,wall-tiles | kitchen-tiles | bathroom-tiles,/images/products/firenza-paisley-granella-italmarmi.webp
599,Firenza Preto Zade Italmarmi,T51W254000065625,firenza-preto-zade-italmarmi,italmarmi,,matt,pattern,black,name,Rivestimento Di Artistico,walls,wall-tiles | kitchen-tiles | bathroom-tiles,/images/products/firenza-preto-zade-italmarmi.webp
600,Pebblon Crema Ceramic,T11W118000030115,pebblon-crema-ceramic,ceramic,150x450 mm,glossy,digital,cream,name,,walls,wall-tiles | outdoor-tiles | ceramic-tiles | stone-brick-cladding,/images/products/pebblon-crema-ceramic.webp
601,Sanford Grey Ceramic,T11W118000041115,sanford-grey-ceramic,ceramic,150x450 mm,glossy,digital,grey,name,,walls,wall-tiles | outdoor-tiles | ceramic-tiles | stone-brick-cladding,/images/products/sanford-grey-ceramic.webp
602,Silex Ocre Ceramic,T11W118000044115,silex-ocre-ceramic,ceramic,150x450 mm,glossy,stone,yellow,name,,walls,wall-tiles | outdoor-tiles | ceramic-tiles | stone-brick-cladding,/images/products/silex-ocre-ceramic.webp
603,Lith Nero 30 Slab,T61F252000009101,lith-nero-30-slab,slab,800x3000 mm,polished,marble,black,name,,"floors, walls, kitchen counter tops",floor-tiles | wall-tiles | bathroom-tiles | living-room-tiles | bedroom-tiles | dining-room-tiles | drawing-room-tiles | vitrified-tiles | kitchen-countertops | other-tile-areas,/images/products/lith-nero-30-slab.webp
604,Nebula Cocoa 30 Slab,T61F252000026101,nebula-cocoa-30-slab,slab,800x3000 mm,polished,marble,brown,name,PVT DC Regular,"floors, walls, kitchen counter tops",floor-tiles | wall-tiles | bathroom-tiles | living-room-tiles | bedroom-tiles | dining-room-tiles | drawing-room-tiles | vitrified-tiles | kitchen-countertops | other-tile-areas,/images/products/nebula-cocoa-30-slab.webp
605,Quartz Black 30 Slab,T61F252000033101,quartz-black-30-slab,slab,800x3000 mm,polished,marble,black,name,Quartz,"floors, walls, kitchen counter tops",floor-tiles | wall-tiles | bathroom-tiles | living-room-tiles | bedroom-tiles | dining-room-tiles | drawing-room-tiles | vitrified-tiles | kitchen-countertops | other-tile-areas,/images/products/quartz-black-30-slab.webp
606,Quartz Black 30 Matt Slab,T61F252000030101,quartz-black-30-matt-slab,slab,800x3000 mm,matt,marble,black,name,Quartz,"floors, walls, kitchen counter tops",floor-tiles | wall-tiles | living-room-tiles | bedroom-tiles | dining-room-tiles | vitrified-tiles | kitchen-countertops | other-tile-areas,/images/products/quartz-black-30-matt-slab.webp
607,Quartz Grey 30 Slab,T61F252000032101,quartz-grey-30-slab,slab,800x3000 mm,polished,marble,grey,name,Quartz,"floors, walls, kitchen counter tops",floor-tiles | wall-tiles | bathroom-tiles | living-room-tiles | bedroom-tiles | dining-room-tiles | drawing-room-tiles | vitrified-tiles | kitchen-countertops | other-tile-areas,/images/products/quartz-grey-30-slab.webp
608,Quartz Grey 30 Matt Slab,T61F252000029101,quartz-grey-30-matt-slab,slab,800x3000 mm,matt,marble,grey,name,Quartz,"floors, walls, kitchen counter tops",floor-tiles | wall-tiles | living-room-tiles | bedroom-tiles | dining-room-tiles | vitrified-tiles | kitchen-countertops | other-tile-areas,/images/products/quartz-grey-30-matt-slab.webp
609,Quartz White 30 Slab,T61F252000031101,quartz-white-30-slab,slab,800x3000 mm,polished,marble,white,name,Quartz,"floors, walls, kitchen counter tops",floor-tiles | wall-tiles | bathroom-tiles | living-room-tiles | bedroom-tiles | dining-room-tiles | drawing-room-tiles | pooja-room-tiles | vitrified-tiles | kitchen-countertops | other-tile-areas,/images/products/quartz-white-30-slab.webp
610,Quartz White 30 Matt Slab,T61F252000028101,quartz-white-30-matt-slab,slab,800x3000 mm,matt,marble,white,name,Cs-Lite,"floors, walls, kitchen counter tops",floor-tiles | wall-tiles | living-room-tiles | bedroom-tiles | dining-room-tiles | vitrified-tiles | kitchen-countertops | other-tile-areas,/images/products/quartz-white-30-matt-slab.webp
611,Stella Grey 30 Slab,T61F252000013101,stella-grey-30-slab,slab,800x3000 mm,polished,marble,grey,name,,"floors, walls, kitchen counter tops",floor-tiles | wall-tiles | bathroom-tiles | living-room-tiles | bedroom-tiles | dining-room-tiles | drawing-room-tiles | vitrified-tiles | kitchen-countertops | other-tile-areas,/images/products/stella-grey-30-slab.webp
612,Stella Nero 30 Slab,T61F252000014101,stella-nero-30-slab,slab,800x3000 mm,polished,marble,black,name,,"floors, walls, kitchen counter tops",floor-tiles | wall-tiles | bathroom-tiles | living-room-tiles | bedroom-tiles | dining-room-tiles | drawing-room-tiles | vitrified-tiles | kitchen-countertops | other-tile-areas,/images/products/stella-nero-30-slab.webp
613,Stella Nero 30 Matt Slab,T61F252000035101,stella-nero-30-matt-slab,slab,800x3000 mm,matt,marble,black,name,PVT DC Regular,"floors, walls, kitchen counter tops",floor-tiles | wall-tiles | living-room-tiles | bedroom-tiles | dining-room-tiles | vitrified-tiles | kitchen-countertops | other-tile-areas,/images/products/stella-nero-30-matt-slab.webp
614,Stella White 30 Slab,T61F252000011101,stella-white-30-slab,slab,800x3000 mm,polished,marble,white,name,,"floors, walls, kitchen counter tops",floor-tiles | wall-tiles | bathroom-tiles | living-room-tiles | bedroom-tiles | dining-room-tiles | drawing-room-tiles | pooja-room-tiles | vitrified-tiles | kitchen-countertops | other-tile-areas,/images/products/stella-white-30-slab.webp
615,Alesia White 26 Slab,T61F275000072101,alesia-white-26-slab,slab,800x2600 mm,polished,marble,white,name,,"floors, walls, kitchen counter tops",floor-tiles | wall-tiles | bathroom-tiles | living-room-tiles | bedroom-tiles | dining-room-tiles | drawing-room-tiles | pooja-room-tiles | vitrified-tiles | kitchen-countertops | other-tile-areas,/images/products/alesia-white-26-slab.webp
616,Alesia White 26 Matt Slab,T61F275000046101,alesia-white-26-matt-slab,slab,800x2600 mm,matt,marble,white,name,,"floors, walls, kitchen counter tops",floor-tiles | wall-tiles | living-room-tiles | bedroom-tiles | dining-room-tiles | vitrified-tiles | kitchen-countertops | other-tile-areas,/images/products/alesia-white-26-matt-slab.webp
617,Basalt Nero 26 Quill V2 Slab,T61F275000155101,basalt-nero-26-quill-v2-slab,slab,800x2600 mm,matt,stone,black,name,Contemporary Surfaces,"floors, walls, kitchen counter tops",floor-tiles | wall-tiles | living-room-tiles | bedroom-tiles | dining-room-tiles | vitrified-tiles | kitchen-countertops | other-tile-areas,/images/products/basalt-nero-26-quill-v2-slab.webp
618,Bellatrix Verde 26 V2 Slab,T61F275000168101,bellatrix-verde-26-v2-slab,slab,800x2600 mm,polished,marble,green,name,,"floors, walls, kitchen counter tops",floor-tiles | wall-tiles | bathroom-tiles | living-room-tiles | bedroom-tiles | dining-room-tiles | drawing-room-tiles | vitrified-tiles | kitchen-countertops | other-tile-areas,/images/products/bellatrix-verde-26-v2-slab.webp
619,Calacatta Corcia 26 Shape V2 Slab,T61F275000127101,calacatta-corcia-26-shape-v2-slab,slab,800x2600 mm,carving,marble,white,name,,"floors, walls, kitchen counter tops",floor-tiles | wall-tiles | living-room-tiles | bedroom-tiles | dining-room-tiles | vitrified-tiles | kitchen-countertops | other-tile-areas,/images/products/calacatta-corcia-26-shape-v2-slab.webp
620,Chester Grey 26 Shape V2 Slab,T61F275000134101,chester-grey-26-shape-v2-slab,slab,800x2600 mm,carving,marble,grey,name,Max Line Lucido,"floors, walls, kitchen counter tops",floor-tiles | wall-tiles | living-room-tiles | bedroom-tiles | dining-room-tiles | vitrified-tiles | kitchen-countertops | other-tile-areas,/images/products/chester-grey-26-shape-v2-slab.webp
621,Leia Cocoa 26 Slab,T61F275000148101,leia-cocoa-26-slab,slab,800x2600 mm,polished,marble,brown,name,,"floors, walls, kitchen counter tops",floor-tiles | wall-tiles | bathroom-tiles | living-room-tiles | bedroom-tiles | dining-room-tiles | drawing-room-tiles | vitrified-tiles | kitchen-countertops | other-tile-areas,/images/products/leia-cocoa-26-slab.webp
622,Leia Grey 26 Slab,T61F275000062101,leia-grey-26-slab,slab,800x2600 mm,polished,marble,grey,name,,"floors, walls, kitchen counter tops",floor-tiles | wall-tiles | bathroom-tiles | living-room-tiles | bedroom-tiles | dining-room-tiles | drawing-room-tiles | vitrified-tiles | kitchen-countertops | other-tile-areas,/images/products/leia-grey-26-slab.webp
623,Lith Gris 26 Slab,T61F275000052101,lith-gris-26-slab,slab,800x2600 mm,polished,marble,grey,name,Max,"floors, walls, kitchen counter tops",floor-tiles | wall-tiles | bathroom-tiles | living-room-tiles | bedroom-tiles | dining-room-tiles | drawing-room-tiles | vitrified-tiles | kitchen-countertops | other-tile-areas,/images/products/lith-gris-26-slab.webp
624,Lith Gris 26 Matt Slab,T61F275000176101,lith-gris-26-matt-slab,slab,800x2600 mm,matt,marble,grey,name,Max,"floors, walls, kitchen counter tops",floor-tiles | wall-tiles | living-room-tiles | bedroom-tiles | dining-room-tiles | vitrified-tiles | kitchen-countertops | other-tile-areas,/images/products/lith-gris-26-matt-slab.webp
625,Nebula White 26 Slab,T61F275000053101,nebula-white-26-slab,slab,800x2600 mm,polished,marble,white,name,Technical Porcelain,"floors, walls, kitchen counter tops",floor-tiles | wall-tiles | bathroom-tiles | living-room-tiles | bedroom-tiles | dining-room-tiles | drawing-room-tiles | pooja-room-tiles | vitrified-tiles | kitchen-countertops | other-tile-areas,/images/products/nebula-white-26-slab.webp
626,Nevosa Grey 26 Quill V2 Slab,T61F275000166101,nevosa-grey-26-quill-v2-slab,slab,800x2600 mm,matt,marble,grey,name,Contemporary Surfaces,"floors, walls, kitchen counter tops",floor-tiles | wall-tiles | living-room-tiles | bedroom-tiles | dining-room-tiles | vitrified-tiles | kitchen-countertops | other-tile-areas,/images/products/nevosa-grey-26-quill-v2-slab.webp
627,Nevosa Nero 26 Quill V2 Slab,T61F275000164101,nevosa-nero-26-quill-v2-slab,slab,800x2600 mm,matt,marble,black,name,,"floors, walls, kitchen counter tops",floor-tiles | wall-tiles | living-room-tiles | bedroom-tiles | dining-room-tiles | vitrified-tiles | kitchen-countertops | other-tile-areas,/images/products/nevosa-nero-26-quill-v2-slab.webp
628,Nevosa White 26 Quill V2 Slab,T61F275000165101,nevosa-white-26-quill-v2-slab,slab,800x2600 mm,matt,marble,white,name,,"floors, walls, kitchen counter tops",floor-tiles | wall-tiles | living-room-tiles | bedroom-tiles | dining-room-tiles | vitrified-tiles | kitchen-countertops | other-tile-areas,/images/products/nevosa-white-26-quill-v2-slab.webp
629,Stella Cocoa 26 Slab,T61F275000068101,stella-cocoa-26-slab,slab,800x2600 mm,polished,marble,brown,name,,"floors, walls, kitchen counter tops",floor-tiles | wall-tiles | bathroom-tiles | living-room-tiles | bedroom-tiles | dining-room-tiles | drawing-room-tiles | vitrified-tiles | kitchen-countertops | other-tile-areas,/images/products/stella-cocoa-26-slab.webp
630,Stella Nero 26 Slab,T61F275000067101,stella-nero-26-slab,slab,800x2600 mm,polished,marble,black,name,,"floors, walls, kitchen counter tops",floor-tiles | wall-tiles | bathroom-tiles | living-room-tiles | bedroom-tiles | dining-room-tiles | drawing-room-tiles | vitrified-tiles | kitchen-countertops | other-tile-areas,/images/products/stella-nero-26-slab.webp
631,Stella White 26 Slab,T61F275000064101,stella-white-26-slab,slab,800x2600 mm,polished,marble,white,name,,"floors, walls, kitchen counter tops",floor-tiles | wall-tiles | bathroom-tiles | living-room-tiles | bedroom-tiles | dining-room-tiles | drawing-room-tiles | pooja-room-tiles | vitrified-tiles | kitchen-countertops | other-tile-areas,/images/products/stella-white-26-slab.webp
632,Stella White 26 Matt Slab,T61F275000038101,stella-white-26-matt-slab,slab,800x2600 mm,matt,marble,white,name,,"floors, walls, kitchen counter tops",floor-tiles | wall-tiles | living-room-tiles | bedroom-tiles | dining-room-tiles | vitrified-tiles | kitchen-countertops | other-tile-areas,/images/products/stella-white-26-matt-slab.webp
633,Stella Berly 26 Matt Slab,T61F275000043101,stella-berly-26-matt-slab,slab,800x2600 mm,matt,marble,beige,name,,"floors, walls, kitchen counter tops",floor-tiles | wall-tiles | living-room-tiles | bedroom-tiles | dining-room-tiles | vitrified-tiles | kitchen-countertops | other-tile-areas,/images/products/stella-berly-26-matt-slab.webp
634,Stella Brick Red 26 Matt Slab,T61F275000045101,stella-brick-red-26-matt-slab,slab,800x2600 mm,matt,marble,red,name,,"floors, walls, kitchen counter tops",floor-tiles | wall-tiles | living-room-tiles | bedroom-tiles | dining-room-tiles | vitrified-tiles | kitchen-countertops | other-tile-areas,/images/products/stella-brick-red-26-matt-slab.webp
635,Stella Crema 26 Matt Slab,T61F275000039101,stella-crema-26-matt-slab,slab,800x2600 mm,matt,marble,cream,name,,"floors, walls, kitchen counter tops",floor-tiles | wall-tiles | living-room-tiles | bedroom-tiles | dining-room-tiles | vitrified-tiles | kitchen-countertops | other-tile-areas,/images/products/stella-crema-26-matt-slab.webp
636,Stella Grey 26 Matt Slab,T61F275000040101,stella-grey-26-matt-slab,slab,800x2600 mm,matt,marble,grey,name,,"floors, walls, kitchen counter tops",floor-tiles | wall-tiles | living-room-tiles | bedroom-tiles | dining-room-tiles | vitrified-tiles | kitchen-countertops | other-tile-areas,/images/products/stella-grey-26-matt-slab.webp
637,Stella Nero 26 Matt Slab,T61F275000041101,stella-nero-26-matt-slab,slab,800x2600 mm,matt,marble,black,name,,"floors, walls, kitchen counter tops",floor-tiles | wall-tiles | living-room-tiles | bedroom-tiles | dining-room-tiles | vitrified-tiles | kitchen-countertops | other-tile-areas,/images/products/stella-nero-26-matt-slab.webp
638,Stella Ocean 26 Matt Slab,T61F275000044101,stella-ocean-26-matt-slab,slab,800x2600 mm,matt,marble,blue,name,,"floors, walls, kitchen counter tops",floor-tiles | wall-tiles | living-room-tiles | bedroom-tiles | dining-room-tiles | vitrified-tiles | kitchen-countertops | other-tile-areas,/images/products/stella-ocean-26-matt-slab.webp
639,Amazona Bruno 240 Slab,T32F234000093101,amazona-bruno-240-slab,slab,1200x2400 mm,matt,marble,brown,name,Max Line,"floors, walls",floor-tiles | wall-tiles | living-room-tiles | bedroom-tiles | dining-room-tiles | vitrified-tiles | other-tile-areas,/images/products/amazona-bruno-240-slab.webp
640,Angelus Light Grey 240 FP V2 Slab,T32F234000052101,angelus-light-grey-240-fp-v2-slab,slab,1200x2400 mm,polished,marble,grey,name,Regalia,"floors, walls",floor-tiles | wall-tiles | bathroom-tiles | living-room-tiles | bedroom-tiles | dining-room-tiles | drawing-room-tiles | vitrified-tiles | other-tile-areas,/images/products/angelus-light-grey-240-fp-v2-slab.webp
641,Angelus Light Grey 240 FP V2 Slab,T32F234000053101,angelus-light-grey-240-fp-v2-slab-t32f234000053101,slab,1200x2400 mm,polished,marble,grey,name,Regalia,"floors, walls",floor-tiles | wall-tiles | bathroom-tiles | living-room-tiles | bedroom-tiles | dining-room-tiles | drawing-room-tiles | vitrified-tiles | other-tile-areas,/images/products/angelus-light-grey-240-fp-v2-slab-t32f234000053101.webp
642,Breccia Furossa 240 Slab,T32F234000096101,breccia-furossa-240-slab,slab,1200x2400 mm,matt,marble,white,image,Max Line,"floors, walls",floor-tiles | wall-tiles | living-room-tiles | bedroom-tiles | dining-room-tiles | vitrified-tiles | other-tile-areas,/images/products/breccia-furossa-240-slab.webp
643,Burburry Crema 240 Quill V3 Slab,T32F234000077101,burburry-crema-240-quill-v3-slab,slab,1200x2400 mm,matt,marble,cream,name,Regalia,"floors, walls",floor-tiles | wall-tiles | living-room-tiles | bedroom-tiles | dining-room-tiles | vitrified-tiles | other-tile-areas,/images/products/burburry-crema-240-quill-v3-slab.webp
644,Burburry Crema 240 V3 Slab,T32F234000070101,burburry-crema-240-v3-slab,slab,1200x2400 mm,matt,marble,cream,name,Regalia,"floors, walls",floor-tiles | wall-tiles | living-room-tiles | bedroom-tiles | dining-room-tiles | vitrified-tiles | other-tile-areas,/images/products/burburry-crema-240-v3-slab.webp
645,Calacatta Venatica PRO 240 FP V2 Slab,T32F234000041101,calacatta-venatica-pro-240-fp-v2-slab,slab,1200x2400 mm,polished,marble,white,name,Regalia,"floors, walls",floor-tiles | wall-tiles | bathroom-tiles | living-room-tiles | bedroom-tiles | dining-room-tiles | drawing-room-tiles | pooja-room-tiles | vitrified-tiles | other-tile-areas,/images/products/calacatta-venatica-pro-240-fp-v2-slab.webp
646,Citadel Ivory 240 Slab,T32F234000094101,citadel-ivory-240-slab,slab,1200x2400 mm,matt,marble,ivory,name,Max Line,"floors, walls",floor-tiles | wall-tiles | living-room-tiles | bedroom-tiles | dining-room-tiles | vitrified-tiles | other-tile-areas,/images/products/citadel-ivory-240-slab.webp
647,Cornice White 240 FP V2 Slab,T32F234000046101,cornice-white-240-fp-v2-slab,slab,1200x2400 mm,polished,marble,white,name,Regalia,"floors, walls",floor-tiles | wall-tiles | bathroom-tiles | living-room-tiles | bedroom-tiles | dining-room-tiles | drawing-room-tiles | pooja-room-tiles | vitrified-tiles | other-tile-areas,/images/products/cornice-white-240-fp-v2-slab.webp
648,Covelano Bianco PRO 240 FP V2 Slab,T32F234000042101,covelano-bianco-pro-240-fp-v2-slab,slab,1200x2400 mm,polished,marble,white,name,Regalia,"floors, walls",floor-tiles | wall-tiles | bathroom-tiles | living-room-tiles | bedroom-tiles | dining-room-tiles | drawing-room-tiles | pooja-room-tiles | vitrified-tiles | other-tile-areas,/images/products/covelano-bianco-pro-240-fp-v2-slab.webp
649,Cristallo Tiffany Grey PRO 240 FP V2 Slab,T32F234000043101,cristallo-tiffany-grey-pro-240-fp-v2-slab,slab,1200x2400 mm,polished,marble,grey,name,Regalia,"floors, walls",floor-tiles | wall-tiles | bathroom-tiles | living-room-tiles | bedroom-tiles | dining-room-tiles | drawing-room-tiles | vitrified-tiles | other-tile-areas,/images/products/cristallo-tiffany-grey-pro-240-fp-v2-slab.webp
650,Dolce Vita 240 FP V2 Slab,T32F234000037101,dolce-vita-240-fp-v2-slab,slab,1200x2400 mm,polished,marble,white,image,Regalia,"floors, walls",floor-tiles | wall-tiles | bathroom-tiles | living-room-tiles | bedroom-tiles | dining-room-tiles | drawing-room-tiles | pooja-room-tiles | vitrified-tiles | other-tile-areas,/images/products/dolce-vita-240-fp-v2-slab.webp
651,Essence Beige 240 Quill V4 Slab,T32F234000076101,essence-beige-240-quill-v4-slab,slab,1200x2400 mm,matt,marble,beige,name,Regalia,"floors, walls",floor-tiles | wall-tiles | living-room-tiles | bedroom-tiles | dining-room-tiles | vitrified-tiles | other-tile-areas,/images/products/essence-beige-240-quill-v4-slab.webp
652,Essence Beige 240 V4 Slab,T32F234000068101,essence-beige-240-v4-slab,slab,1200x2400 mm,matt,marble,beige,name,Regalia,"floors, walls",floor-tiles | wall-tiles | living-room-tiles | bedroom-tiles | dining-room-tiles | vitrified-tiles | other-tile-areas,/images/products/essence-beige-240-v4-slab.webp
653,Essence Slate 240 Quill V4 Slab,T32F234000075101,essence-slate-240-quill-v4-slab,slab,1200x2400 mm,matt,stone,grey,name,Regalia,"floors, walls",floor-tiles | wall-tiles | living-room-tiles | bedroom-tiles | dining-room-tiles | vitrified-tiles | other-tile-areas,/images/products/essence-slate-240-quill-v4-slab.webp
654,Essence Slate 240 V4 Slab,T32F234000067101,essence-slate-240-v4-slab,slab,1200x2400 mm,matt,stone,grey,name,Regalia,"floors, walls",floor-tiles | wall-tiles | living-room-tiles | bedroom-tiles | dining-room-tiles | vitrified-tiles | other-tile-areas,/images/products/essence-slate-240-v4-slab.webp
655,Elysian Jade EL 240 Slab,T32F234000114101,elysian-jade-el-240-slab,slab,1200x2400 mm,matt,marble,green,name,Resona,"floors, walls",floor-tiles | wall-tiles | living-room-tiles | bedroom-tiles | dining-room-tiles | vitrified-tiles | other-tile-areas,/images/products/elysian-jade-el-240-slab.webp
656,Fantacy Crema 240 V3 Slab,T32F234000092101,fantacy-crema-240-v3-slab,slab,1200x2400 mm,matt,marble,cream,name,Regalia 2.0,"floors, walls",floor-tiles | wall-tiles | living-room-tiles | bedroom-tiles | dining-room-tiles | vitrified-tiles | other-tile-areas,/images/products/fantacy-crema-240-v3-slab.webp
657,Grey William 240 Plume MT V2 Slab,T32F234000038101,grey-william-240-plume-mt-v2-slab,slab,1200x2400 mm,matt,marble,grey,name,Regalia,"floors, walls",floor-tiles | wall-tiles | living-room-tiles | bedroom-tiles | dining-room-tiles | vitrified-tiles | other-tile-areas,/images/products/grey-william-240-plume-mt-v2-slab.webp
658,Izene Azure PRO 240 FP V2 Slab,T32F234000040101,izene-azure-pro-240-fp-v2-slab,slab,1200x2400 mm,polished,marble,blue,name,Regalia,"floors, walls",floor-tiles | wall-tiles | bathroom-tiles | living-room-tiles | bedroom-tiles | dining-room-tiles | drawing-room-tiles | vitrified-tiles | other-tile-areas,/images/products/izene-azure-pro-240-fp-v2-slab.webp
659,Lexinton White 240 FP V2 Slab,T32F234000047101,lexinton-white-240-fp-v2-slab,slab,1200x2400 mm,polished,marble,white,name,Regalia,"floors, walls",floor-tiles | wall-tiles | bathroom-tiles | living-room-tiles | bedroom-tiles | dining-room-tiles | drawing-room-tiles | pooja-room-tiles | vitrified-tiles | other-tile-areas,/images/products/lexinton-white-240-fp-v2-slab.webp
660,Nuvola Grey 240 V4 Slab,T32F234000066101,nuvola-grey-240-v4-slab,slab,1200x2400 mm,matt,marble,grey,name,Regalia,"floors, walls",floor-tiles | wall-tiles | living-room-tiles | bedroom-tiles | dining-room-tiles | vitrified-tiles | other-tile-areas,/images/products/nuvola-grey-240-v4-slab.webp
661,Onice Ice BM 240 A V1 Slab,T32F234000073101,onice-ice-bm-240-a-v1-slab,slab,1200x2400 mm,matt,onyx,white,name,Regalia,"floors, walls",floor-tiles | wall-tiles | living-room-tiles | bedroom-tiles | dining-room-tiles | vitrified-tiles | other-tile-areas,/images/products/onice-ice-bm-240-a-v1-slab.webp
662,Onice Ice BM 240 B V1 Slab,T32F234000074101,onice-ice-bm-240-b-v1-slab,slab,1200x2400 mm,matt,onyx,white,name,Regalia,"floors, walls",floor-tiles | wall-tiles | living-room-tiles | bedroom-tiles | dining-room-tiles | vitrified-tiles | other-tile-areas,/images/products/onice-ice-bm-240-b-v1-slab.webp
663,Onicita Blush EL 240 VLT Slab,T32F234000115101,onicita-blush-el-240-vlt-slab,slab,1200x2400 mm,matt,onyx,pink,name,Resona,"floors, walls",floor-tiles | wall-tiles | living-room-tiles | bedroom-tiles | dining-room-tiles | vitrified-tiles | other-tile-areas,/images/products/onicita-blush-el-240-vlt-slab.webp
664,Pietra Roma 240 A V3 Slab,T32F234000072101,pietra-roma-240-a-v3-slab,slab,1200x2400 mm,matt,stone,grey,image,Regalia,"floors, walls",floor-tiles | wall-tiles | living-room-tiles | bedroom-tiles | dining-room-tiles | vitrified-tiles | other-tile-areas,/images/products/pietra-roma-240-a-v3-slab.webp
665,Pulpis Taupe 240 V4 Slab,T32F234000069101,pulpis-taupe-240-v4-slab,slab,1200x2400 mm,matt,marble,beige,name,Regalia,"floors, walls",floor-tiles | wall-tiles | living-room-tiles | bedroom-tiles | dining-room-tiles | vitrified-tiles | other-tile-areas,/images/products/pulpis-taupe-240-v4-slab.webp
666,Romano Pearl 240 Slab,T32F234000095101,romano-pearl-240-slab,slab,1200x2400 mm,matt,marble,white,image,Max Line,"floors, walls",floor-tiles | wall-tiles | living-room-tiles | bedroom-tiles | dining-room-tiles | vitrified-tiles | other-tile-areas,/images/products/romano-pearl-240-slab.webp
667,Sahara Bronze 240 Lucido FP V2 Slab,T32F234000044101,sahara-bronze-240-lucido-fp-v2-slab,slab,1200x2400 mm,high-gloss,marble,beige,name,Regalia,"floors, walls",floor-tiles | wall-tiles | bathroom-tiles | living-room-tiles | bedroom-tiles | dining-room-tiles | drawing-room-tiles | vitrified-tiles | other-tile-areas,/images/products/sahara-bronze-240-lucido-fp-v2-slab.webp
668,Sedimento Beige 240 TXF V4 Slab,T32F234000081101,sedimento-beige-240-txf-v4-slab,slab,1200x2400 mm,matt,stone,beige,name,Sedimento,"floors, walls",floor-tiles | wall-tiles | living-room-tiles | bedroom-tiles | dining-room-tiles | vitrified-tiles | other-tile-areas,/images/products/sedimento-beige-240-txf-v4-slab.webp
669,Sedimento Chiaro 240 TFX V4 Slab,T32F234000080101,sedimento-chiaro-240-tfx-v4-slab,slab,1200x2400 mm,matt,stone,beige,image,Sedimento,"floors, walls",floor-tiles | wall-tiles | living-room-tiles | bedroom-tiles | dining-room-tiles | vitrified-tiles | other-tile-areas,/images/products/sedimento-chiaro-240-tfx-v4-slab.webp
670,Sedimento Scuro 240 TFX V4 Slab,T32F234000079101,sedimento-scuro-240-tfx-v4-slab,slab,1200x2400 mm,matt,stone,grey,name,Sedimento,"floors, walls",floor-tiles | wall-tiles | living-room-tiles | bedroom-tiles | dining-room-tiles | vitrified-tiles | other-tile-areas,/images/products/sedimento-scuro-240-tfx-v4-slab.webp
671,Sonata Grey 240 V2 Slab,T32F234000071101,sonata-grey-240-v2-slab,slab,1200x2400 mm,matt,marble,grey,name,Regalia,"floors, walls",floor-tiles | wall-tiles | living-room-tiles | bedroom-tiles | dining-room-tiles | vitrified-tiles | other-tile-areas,/images/products/sonata-grey-240-v2-slab.webp
672,Statuario Branca 240 Slab,T32F234000097101,statuario-branca-240-slab,slab,1200x2400 mm,matt,statuario,white,name,Max Line,"floors, walls",floor-tiles | wall-tiles | living-room-tiles | bedroom-tiles | dining-room-tiles | pooja-room-tiles | vitrified-tiles | other-tile-areas,/images/products/statuario-branca-240-slab.webp
673,Titanio Rosa 240 FP V2 Slab,T32F234000048101,titanio-rosa-240-fp-v2-slab,slab,1200x2400 mm,polished,marble,grey,name,Regalia,"floors, walls",floor-tiles | wall-tiles | bathroom-tiles | living-room-tiles | bedroom-tiles | dining-room-tiles | drawing-room-tiles | vitrified-tiles | other-tile-areas,/images/products/titanio-rosa-240-fp-v2-slab.webp
674,Titanio Rosa 240 Plume MT V2 Slab,T32F234000050101,titanio-rosa-240-plume-mt-v2-slab,slab,1200x2400 mm,matt,marble,grey,name,Regalia,"floors, walls",floor-tiles | wall-tiles | living-room-tiles | bedroom-tiles | dining-room-tiles | vitrified-tiles | other-tile-areas,/images/products/titanio-rosa-240-plume-mt-v2-slab.webp
675,Vetrino White EL 240 VLT Slab,T32F234000116101,vetrino-white-el-240-vlt-slab,slab,1200x2400 mm,matt,marble,white,name,Resona,"floors, walls",floor-tiles | wall-tiles | living-room-tiles | bedroom-tiles | dining-room-tiles | vitrified-tiles | other-tile-areas,/images/products/vetrino-white-el-240-vlt-slab.webp
676,Alesia White 24 Slab,T61F237000106101,alesia-white-24-slab,slab,800x2400 mm,polished,marble,white,name,,"floors, walls, kitchen counter tops",floor-tiles | wall-tiles | bathroom-tiles | living-room-tiles | bedroom-tiles | dining-room-tiles | drawing-room-tiles | pooja-room-tiles | vitrified-tiles | kitchen-countertops | other-tile-areas,/images/products/alesia-white-24-slab.webp
677,Astra White 24 Slab,T61F237000146101,astra-white-24-slab,slab,800x2400 mm,polished,marble,white,name,,"floors, walls, kitchen counter tops",floor-tiles | wall-tiles | bathroom-tiles | living-room-tiles | bedroom-tiles | dining-room-tiles | drawing-room-tiles | pooja-room-tiles | vitrified-tiles | kitchen-countertops | other-tile-areas,/images/products/astra-white-24-slab.webp
678,Calacatta Gold Slab,T61F237000072101,calacatta-gold-slab,slab,800x2400 mm,polished,marble,white-and-gold,name,PVT DC Regular,"floors, walls, kitchen counter tops",floor-tiles | wall-tiles | bathroom-tiles | living-room-tiles | bedroom-tiles | dining-room-tiles | drawing-room-tiles | pooja-room-tiles | vitrified-tiles | kitchen-countertops | other-tile-areas,/images/products/calacatta-gold-slab.webp
679,Glossy White 24 Slab,T61F237000124101,glossy-white-24-slab,slab,800x2400 mm,high-gloss,marble,white,name,,"floors, walls, kitchen counter tops",floor-tiles | wall-tiles | bathroom-tiles | living-room-tiles | bedroom-tiles | dining-room-tiles | drawing-room-tiles | pooja-room-tiles | vitrified-tiles | kitchen-countertops | other-tile-areas,/images/products/glossy-white-24-slab.webp
680,Ice White 24 Slab,T61F237000151101,ice-white-24-slab,slab,800x2400 mm,polished,marble,white,name,,"floors, walls, kitchen counter tops",floor-tiles | wall-tiles | bathroom-tiles | living-room-tiles | bedroom-tiles | dining-room-tiles | drawing-room-tiles | pooja-room-tiles | vitrified-tiles | kitchen-countertops | other-tile-areas,/images/products/ice-white-24-slab.webp
681,Nebula Brick Red 24 Slab,T61F237000126101,nebula-brick-red-24-slab,slab,800x2400 mm,polished,marble,red,name,Technical Porcelain,"floors, walls, kitchen counter tops",floor-tiles | wall-tiles | bathroom-tiles | living-room-tiles | bedroom-tiles | dining-room-tiles | drawing-room-tiles | vitrified-tiles | kitchen-countertops | other-tile-areas,/images/products/nebula-brick-red-24-slab.webp
682,Nebula Grey 24 Matt Slab,T61F237000139101,nebula-grey-24-matt-slab,slab,800x2400 mm,matt,marble,grey,name,,"floors, walls, kitchen counter tops",floor-tiles | wall-tiles | living-room-tiles | bedroom-tiles | dining-room-tiles | vitrified-tiles | kitchen-countertops | other-tile-areas,/images/products/nebula-grey-24-matt-slab.webp
683,Nebula Nero 24 Matt Slab,T61F237000239101,nebula-nero-24-matt-slab,slab,800x2400 mm,matt,marble,black,name,Max Line Lucido,"floors, walls, kitchen counter tops",floor-tiles | wall-tiles | living-room-tiles | bedroom-tiles | dining-room-tiles | vitrified-tiles | kitchen-countertops | other-tile-areas,/images/products/nebula-nero-24-matt-slab.webp
684,Nebula White 24 Slab,T61F237000100101,nebula-white-24-slab,slab,800x2400 mm,polished,marble,white,name,,"floors, walls, kitchen counter tops",floor-tiles | wall-tiles | bathroom-tiles | living-room-tiles | bedroom-tiles | dining-room-tiles | drawing-room-tiles | pooja-room-tiles | vitrified-tiles | kitchen-countertops | other-tile-areas,/images/products/nebula-white-24-slab.webp
685,Nebula White 24 Matt Slab,T61F237000154101,nebula-white-24-matt-slab,slab,800x2400 mm,matt,marble,white,name,Technical Porcelain,"floors, walls, kitchen counter tops",floor-tiles | wall-tiles | living-room-tiles | bedroom-tiles | dining-room-tiles | vitrified-tiles | kitchen-countertops | other-tile-areas,/images/products/nebula-white-24-matt-slab.webp
686,Quartz Black 24 Slab,T61F237000141101,quartz-black-24-slab,slab,800x2400 mm,polished,marble,black,name,Quartz,"floors, walls, kitchen counter tops",floor-tiles | wall-tiles | bathroom-tiles | living-room-tiles | bedroom-tiles | dining-room-tiles | drawing-room-tiles | vitrified-tiles | kitchen-countertops | other-tile-areas,/images/products/quartz-black-24-slab.webp
687,Quartz Black 24 Matt Slab,T61F237000155101,quartz-black-24-matt-slab,slab,800x2400 mm,matt,marble,black,name,Quartz,"floors, walls, kitchen counter tops",floor-tiles | wall-tiles | living-room-tiles | bedroom-tiles | dining-room-tiles | vitrified-tiles | kitchen-countertops | other-tile-areas,/images/products/quartz-black-24-matt-slab.webp
688,Quartz Brown 24 Slab,T61F237000143101,quartz-brown-24-slab,slab,800x2400 mm,polished,marble,brown,name,Quartz,"floors, walls, kitchen counter tops",floor-tiles | wall-tiles | bathroom-tiles | living-room-tiles | bedroom-tiles | dining-room-tiles | drawing-room-tiles | vitrified-tiles | kitchen-countertops | other-tile-areas,/images/products/quartz-brown-24-slab.webp
689,Quartz Brown 24 Matt Slab,T61F237000160101,quartz-brown-24-matt-slab,slab,800x2400 mm,matt,marble,brown,name,Quartz,"floors, walls, kitchen counter tops",floor-tiles | wall-tiles | living-room-tiles | bedroom-tiles | dining-room-tiles | vitrified-tiles | kitchen-countertops | other-tile-areas,/images/products/quartz-brown-24-matt-slab.webp
690,Quartz Crema 24 Slab,T61F237000144101,quartz-crema-24-slab,slab,800x2400 mm,polished,marble,cream,name,Quartz,"floors, walls, kitchen counter tops",floor-tiles | wall-tiles | bathroom-tiles | living-room-tiles | bedroom-tiles | dining-room-tiles | drawing-room-tiles | vitrified-tiles | kitchen-countertops | other-tile-areas,/images/products/quartz-crema-24-slab.webp
691,Quartz Crema 24 Matt Slab,T61F237000161101,quartz-crema-24-matt-slab,slab,800x2400 mm,matt,marble,cream,name,Quartz,"floors, walls, kitchen counter tops",floor-tiles | wall-tiles | living-room-tiles | bedroom-tiles | dining-room-tiles | vitrified-tiles | kitchen-countertops | other-tile-areas,/images/products/quartz-crema-24-matt-slab.webp
692,Quartz Grey 24 Slab,T61F237000142101,quartz-grey-24-slab,slab,800x2400 mm,polished,marble,grey,name,Quartz,"floors, walls, kitchen counter tops",floor-tiles | wall-tiles | bathroom-tiles | living-room-tiles | bedroom-tiles | dining-room-tiles | drawing-room-tiles | vitrified-tiles | kitchen-countertops | other-tile-areas,/images/products/quartz-grey-24-slab.webp
693,Quartz Grey 24 Matt Slab,T61F237000159101,quartz-grey-24-matt-slab,slab,800x2400 mm,matt,marble,grey,name,Max Line Lucido,"floors, walls, kitchen counter tops",floor-tiles | wall-tiles | living-room-tiles | bedroom-tiles | dining-room-tiles | vitrified-tiles | kitchen-countertops | other-tile-areas,/images/products/quartz-grey-24-matt-slab.webp
694,Quartz Mushroom 24 Slab,T61F237000145101,quartz-mushroom-24-slab,slab,800x2400 mm,polished,marble,beige,name,,"floors, walls, kitchen counter tops",floor-tiles | wall-tiles | bathroom-tiles | living-room-tiles | bedroom-tiles | dining-room-tiles | drawing-room-tiles | vitrified-tiles | kitchen-countertops | other-tile-areas,/images/products/quartz-mushroom-24-slab.webp
695,Quartz Mushroom 24 Matt Slab,T61F237000162101,quartz-mushroom-24-matt-slab,slab,800x2400 mm,matt,marble,beige,name,Max Line Lucido,"floors, walls, kitchen counter tops",floor-tiles | wall-tiles | living-room-tiles | bedroom-tiles | dining-room-tiles | vitrified-tiles | kitchen-countertops | other-tile-areas,/images/products/quartz-mushroom-24-matt-slab.webp
696,Quartz White 24 Slab,T61F237000140101,quartz-white-24-slab,slab,800x2400 mm,polished,marble,white,name,,"floors, walls, kitchen counter tops",floor-tiles | wall-tiles | bathroom-tiles | living-room-tiles | bedroom-tiles | dining-room-tiles | drawing-room-tiles | pooja-room-tiles | vitrified-tiles | kitchen-countertops | other-tile-areas,/images/products/quartz-white-24-slab.webp
697,Quartz White 24 Matt Slab,T61F237000158101,quartz-white-24-matt-slab,slab,800x2400 mm,matt,marble,white,name,Quartz,"floors, walls, kitchen counter tops",floor-tiles | wall-tiles | living-room-tiles | bedroom-tiles | dining-room-tiles | vitrified-tiles | kitchen-countertops | other-tile-areas,/images/products/quartz-white-24-matt-slab.webp
698,15 Alesia White 180 Slab,T33F243000017101,15-alesia-white-180-slab,slab,1200x1800 mm,matt,marble,white,name,Technical Porcelain,"floors, walls",floor-tiles | wall-tiles | living-room-tiles | bedroom-tiles | dining-room-tiles | vitrified-tiles | other-tile-areas,/images/products/15-alesia-white-180-slab.webp
699,15 Burburry Crema 180 V4 Slab,T33F243000006101,15-burburry-crema-180-v4-slab,slab,1200x1800 mm,matt,marble,cream,name,,"floors, walls",floor-tiles | wall-tiles | living-room-tiles | bedroom-tiles | dining-room-tiles | vitrified-tiles | other-tile-areas,/images/products/15-burburry-crema-180-v4-slab.webp
700,15 Carara White 180 V4 Slab,T33F243000002101,15-carara-white-180-v4-slab,slab,1200x1800 mm,matt,carrara,white,name,Luxury Polish,"floors, walls",floor-tiles | wall-tiles | living-room-tiles | bedroom-tiles | dining-room-tiles | vitrified-tiles | other-tile-areas,/images/products/15-carara-white-180-v4-slab.webp
701,15 Electra Bone 180 Quill Glam Slab,T33F243000012101,15-electra-bone-180-quill-glam-slab,slab,1200x1800 mm,carving,marble,ivory,name,Regular,"floors, walls",floor-tiles | wall-tiles | living-room-tiles | bedroom-tiles | dining-room-tiles | vitrified-tiles | other-tile-areas,/images/products/15-electra-bone-180-quill-glam-slab.webp
702,15 Electra Grige 180 Quill Glam Slab,T33F243000013101,15-electra-grige-180-quill-glam-slab,slab,1200x1800 mm,carving,marble,grey,name,Regular,"floors, walls",floor-tiles | wall-tiles | living-room-tiles | bedroom-tiles | dining-room-tiles | vitrified-tiles | other-tile-areas,/images/products/15-electra-grige-180-quill-glam-slab.webp
703,15 Essence Beige 180 V4 Slab,T33F243000007101,15-essence-beige-180-v4-slab,slab,1200x1800 mm,matt,marble,beige,name,Regular,"floors, walls",floor-tiles | wall-tiles | living-room-tiles | bedroom-tiles | dining-room-tiles | vitrified-tiles | other-tile-areas,/images/products/15-essence-beige-180-v4-slab.webp
704,15 Lasa Bianco 180 V4 Slab,T33F243000005101,15-lasa-bianco-180-v4-slab,slab,1200x1800 mm,matt,marble,white,name,Regular,"floors, walls",floor-tiles | wall-tiles | living-room-tiles | bedroom-tiles | dining-room-tiles | vitrified-tiles | other-tile-areas,/images/products/15-lasa-bianco-180-v4-slab.webp
705,15 Leia Berly 180 Slab,T33F243000010101,15-leia-berly-180-slab,slab,1200x1800 mm,matt,marble,beige,name,,"floors, walls",floor-tiles | wall-tiles | living-room-tiles | bedroom-tiles | dining-room-tiles | vitrified-tiles | other-tile-areas,/images/products/15-leia-berly-180-slab.webp
706,15 Leia Crema 180 Slab,T33F243000011101,15-leia-crema-180-slab,slab,1200x1800 mm,matt,marble,cream,name,,"floors, walls",floor-tiles | wall-tiles | living-room-tiles | bedroom-tiles | dining-room-tiles | vitrified-tiles | other-tile-areas,/images/products/15-leia-crema-180-slab.webp
707,15 Pietra Roma 180 V3 Slab,T33F243000008101,15-pietra-roma-180-v3-slab,slab,1200x1800 mm,matt,stone,grey,image,Regular,"floors, walls",floor-tiles | wall-tiles | living-room-tiles | bedroom-tiles | dining-room-tiles | vitrified-tiles | other-tile-areas,/images/products/15-pietra-roma-180-v3-slab.webp
708,15 Statuario Eminence 180 V4 Slab,T33F243000004101,15-statuario-eminence-180-v4-slab,slab,1200x1800 mm,matt,statuario,white,name,Regular,"floors, walls",floor-tiles | wall-tiles | living-room-tiles | bedroom-tiles | dining-room-tiles | pooja-room-tiles | vitrified-tiles | other-tile-areas,/images/products/15-statuario-eminence-180-v4-slab.webp
709,15 Venato Bianco 180 V4 Slab,T33F243000003101,15-venato-bianco-180-v4-slab,slab,1200x1800 mm,matt,marble,white,name,Regular,"floors, walls",floor-tiles | wall-tiles | living-room-tiles | bedroom-tiles | dining-room-tiles | vitrified-tiles | other-tile-areas,/images/products/15-venato-bianco-180-v4-slab.webp
710,Amazona Bruno EL 180 GVT,T32F243000498102,amazona-bruno-el-180-gvt,gvt,1200x1800 mm,matt,marble,brown,name,Elita,"floors, walls",floor-tiles | wall-tiles | living-room-tiles | bedroom-tiles | dining-room-tiles | vitrified-tiles | other-tile-areas,/images/products/amazona-bruno-el-180-gvt.webp
711,Amazona Bruno EL 180 Quill Glam GVT,T32F243000504102,amazona-bruno-el-180-quill-glam-gvt,gvt,1200x1800 mm,carving,marble,brown,name,Elita,"floors, walls",floor-tiles | wall-tiles | living-room-tiles | bedroom-tiles | dining-room-tiles | vitrified-tiles | other-tile-areas,/images/products/amazona-bruno-el-180-quill-glam-gvt.webp
712,Annex Bianco 180 Plume MT V2 Slab,T32F243000321101,annex-bianco-180-plume-mt-v2-slab,slab,1200x1800 mm,matt,marble,white,name,Regalia,"floors, walls",floor-tiles | wall-tiles | living-room-tiles | bedroom-tiles | dining-room-tiles | vitrified-tiles | other-tile-areas,/images/products/annex-bianco-180-plume-mt-v2-slab.webp
713,Annex Bianco 180 Plume MT V2 Slab,T32F243000321102,annex-bianco-180-plume-mt-v2-slab-t32f243000321102,slab,1200x1800 mm,matt,marble,white,name,Regalia,"floors, walls",floor-tiles | wall-tiles | living-room-tiles | bedroom-tiles | dining-room-tiles | vitrified-tiles | other-tile-areas,/images/products/annex-bianco-180-plume-mt-v2-slab-t32f243000321102.webp
714,Annex Grey 180 Plume MT V2 Slab,T32F243000322101,annex-grey-180-plume-mt-v2-slab,slab,1200x1800 mm,matt,marble,grey,name,Regalia,"floors, walls",floor-tiles | wall-tiles | living-room-tiles | bedroom-tiles | dining-room-tiles | vitrified-tiles | other-tile-areas,/images/products/annex-grey-180-plume-mt-v2-slab.webp
715,Annex Grey 180 Plume MT V2 Slab,T32F243000322102,annex-grey-180-plume-mt-v2-slab-t32f243000322102,slab,1200x1800 mm,matt,marble,grey,name,Regalia,"floors, walls",floor-tiles | wall-tiles | living-room-tiles | bedroom-tiles | dining-room-tiles | vitrified-tiles | other-tile-areas,/images/products/annex-grey-180-plume-mt-v2-slab-t32f243000322102.webp
716,Antigua Onyx EL 180 GVT,T32F243000496102,antigua-onyx-el-180-gvt,gvt,1200x1800 mm,matt,onyx,white,image,Elita,"floors, walls",floor-tiles | wall-tiles | living-room-tiles | bedroom-tiles | dining-room-tiles | vitrified-tiles | other-tile-areas,/images/products/antigua-onyx-el-180-gvt.webp
717,Antiqa Breccia EL 180 GVT,T32F243000495102,antiqa-breccia-el-180-gvt,gvt,1200x1800 mm,matt,marble,white,image,Elita,"floors, walls",floor-tiles | wall-tiles | living-room-tiles | bedroom-tiles | dining-room-tiles | vitrified-tiles | other-tile-areas,/images/products/antiqa-breccia-el-180-gvt.webp
718,Arancetto Nut PRO 180 FP V2 Slab,T32F243000251101,arancetto-nut-pro-180-fp-v2-slab,slab,1200x1800 mm,polished,marble,brown,name,Regalia,"floors, walls",floor-tiles | wall-tiles | bathroom-tiles | living-room-tiles | bedroom-tiles | dining-room-tiles | drawing-room-tiles | vitrified-tiles | other-tile-areas,/images/products/arancetto-nut-pro-180-fp-v2-slab.webp
719,Arancetto Nut PRO 180 FP V2 Slab,T32F243000251102,arancetto-nut-pro-180-fp-v2-slab-t32f243000251102,slab,1200x1800 mm,polished,marble,brown,name,Regalia,"floors, walls",floor-tiles | wall-tiles | bathroom-tiles | living-room-tiles | bedroom-tiles | dining-room-tiles | drawing-room-tiles | vitrified-tiles | other-tile-areas,/images/products/arancetto-nut-pro-180-fp-v2-slab-t32f243000251102.webp
720,Aria Calacatta 180 FP V2 Slab,T32F243000303102,aria-calacatta-180-fp-v2-slab,slab,1200x1800 mm,polished,marble,white,name,Regalia,"floors, walls",floor-tiles | wall-tiles | bathroom-tiles | living-room-tiles | bedroom-tiles | dining-room-tiles | drawing-room-tiles | pooja-room-tiles | vitrified-tiles | other-tile-areas,/images/products/aria-calacatta-180-fp-v2-slab.webp
721,Capitol Grey PRO 180 FP V2 Slab,T32F243000248101,capitol-grey-pro-180-fp-v2-slab,slab,1200x1800 mm,polished,marble,grey,name,Regalia,"floors, walls",floor-tiles | wall-tiles | bathroom-tiles | living-room-tiles | bedroom-tiles | dining-room-tiles | drawing-room-tiles | vitrified-tiles | other-tile-areas,/images/products/capitol-grey-pro-180-fp-v2-slab.webp
722,Capitol Grey PRO EL 180 FP V2 Slab,T32F243000334102,capitol-grey-pro-el-180-fp-v2-slab,slab,1200x1800 mm,polished,marble,grey,name,Regalia,"floors, walls",floor-tiles | wall-tiles | bathroom-tiles | living-room-tiles | bedroom-tiles | dining-room-tiles | drawing-room-tiles | vitrified-tiles | other-tile-areas,/images/products/capitol-grey-pro-el-180-fp-v2-slab.webp
723,Citadel Ivory EL 180 GVT,T32F243000499102,citadel-ivory-el-180-gvt,gvt,1200x1800 mm,matt,marble,ivory,name,Elita,"floors, walls",floor-tiles | wall-tiles | living-room-tiles | bedroom-tiles | dining-room-tiles | vitrified-tiles | other-tile-areas,/images/products/citadel-ivory-el-180-gvt.webp
724,Citadel Ivory EL 180 Quill Glam GVT,T32F243000505102,citadel-ivory-el-180-quill-glam-gvt,gvt,1200x1800 mm,carving,marble,ivory,name,Elita,"floors, walls",floor-tiles | wall-tiles | living-room-tiles | bedroom-tiles | dining-room-tiles | vitrified-tiles | other-tile-areas,/images/products/citadel-ivory-el-180-quill-glam-gvt.webp
725,Colorato Beige 180 Gritstone MT V1 Slab,T32F243000283101,colorato-beige-180-gritstone-mt-v1-slab-t32f243000283101,slab,1200x1800 mm,rustic,stone,beige,name,Regalia,"floors, walls",floor-tiles | wall-tiles | living-room-tiles | bedroom-tiles | dining-room-tiles | vitrified-tiles | other-tile-areas,/images/products/colorato-beige-180-gritstone-mt-v1-slab-t32f243000283101.webp
726,Colorato Bianco 180 Gritstone MT V1 Slab,T32F243000284101,colorato-bianco-180-gritstone-mt-v1-slab-t32f243000284101,slab,1200x1800 mm,rustic,stone,white,name,Regalia,"floors, walls",floor-tiles | wall-tiles | living-room-tiles | bedroom-tiles | dining-room-tiles | vitrified-tiles | other-tile-areas,/images/products/colorato-bianco-180-gritstone-mt-v1-slab-t32f243000284101.webp
727,Colorato Blue 180 Gritstone MT V1 Slab,T32F243000285101,colorato-blue-180-gritstone-mt-v1-slab-t32f243000285101,slab,1200x1800 mm,rustic,stone,blue,name,Regalia,"floors, walls",floor-tiles | wall-tiles | living-room-tiles | bedroom-tiles | dining-room-tiles | vitrified-tiles | other-tile-areas,/images/products/colorato-blue-180-gritstone-mt-v1-slab-t32f243000285101.webp
728,Colorato Brown 180 Gritstone MT V1 Slab,T32F243000341102,colorato-brown-180-gritstone-mt-v1-slab,slab,1200x1800 mm,rustic,stone,brown,name,Regalia,"floors, walls",floor-tiles | wall-tiles | living-room-tiles | bedroom-tiles | dining-room-tiles | vitrified-tiles | other-tile-areas,/images/products/colorato-brown-180-gritstone-mt-v1-slab.webp
729,Colorato Crema 180 Gritstone MT V1 Slab,T32F243000286101,colorato-crema-180-gritstone-mt-v1-slab-t32f243000286101,slab,1200x1800 mm,rustic,stone,cream,name,Regalia,"floors, walls",floor-tiles | wall-tiles | living-room-tiles | bedroom-tiles | dining-room-tiles | vitrified-tiles | other-tile-areas,/images/products/colorato-crema-180-gritstone-mt-v1-slab-t32f243000286101.webp
730,Colorato Green 180 Gritstone MT V1 Slab,T32F243000287101,colorato-green-180-gritstone-mt-v1-slab-t32f243000287101,slab,1200x1800 mm,rustic,stone,green,name,Regalia,"floors, walls",floor-tiles | wall-tiles | living-room-tiles | bedroom-tiles | dining-room-tiles | vitrified-tiles | other-tile-areas,/images/products/colorato-green-180-gritstone-mt-v1-slab-t32f243000287101.webp
731,Colorato Grey 180 Gritstone MT V1 Slab,T32F243000288101,colorato-grey-180-gritstone-mt-v1-slab-t32f243000288101,slab,1200x1800 mm,rustic,stone,grey,name,Regalia,"floors, walls",floor-tiles | wall-tiles | living-room-tiles | bedroom-tiles | dining-room-tiles | vitrified-tiles | other-tile-areas,/images/products/colorato-grey-180-gritstone-mt-v1-slab-t32f243000288101.webp
732,Colorato Red 180 Gritstone MT V1 Slab,T32F243000289101,colorato-red-180-gritstone-mt-v1-slab-t32f243000289101,slab,1200x1800 mm,rustic,stone,red,name,Regalia,"floors, walls",floor-tiles | wall-tiles | living-room-tiles | bedroom-tiles | dining-room-tiles | vitrified-tiles | other-tile-areas,/images/products/colorato-red-180-gritstone-mt-v1-slab-t32f243000289101.webp
733,Cornice White 180 FP V2 Slab,T32F243000226102,cornice-white-180-fp-v2-slab,slab,1200x1800 mm,polished,marble,white,name,Regalia,"floors, walls",floor-tiles | wall-tiles | bathroom-tiles | living-room-tiles | bedroom-tiles | dining-room-tiles | drawing-room-tiles | pooja-room-tiles | vitrified-tiles | other-tile-areas,/images/products/cornice-white-180-fp-v2-slab.webp
734,Crystalline White FP V1 Slab,T32F243000329102,crystalline-white-fp-v1-slab,slab,1200x1800 mm,polished,marble,white,name,Max Line,"floors, walls",floor-tiles | wall-tiles | bathroom-tiles | living-room-tiles | bedroom-tiles | dining-room-tiles | drawing-room-tiles | pooja-room-tiles | vitrified-tiles | other-tile-areas,/images/products/crystalline-white-fp-v1-slab.webp
